userid,week 1,week 2,week 3,week 4,week 5,week 6,week 7,week 8,week 9,week 10,week 11,week 12,week 13,week 14,week 15,,
1101,0,0,4,1,1,0,0,2,0,0,0,1,0,0,1,,Each cell shows the number of toner purchases by this user in this week
1105,6,5,3,4,4,2,0,0,1,0,3,3,0,0,1,,
1109,0,0,4,3,4,0,1,1,0,0,1,0,0,0,0,,
1118,0,2,3,5,0,0,0,2,1,0,3,3,0,0,0,,
1135,0,0,4,3,0,3,0,1,0,2,0,1,0,1,2,,
1149,0,4,1,1,0,4,2,0,2,2,0,0,0,0,0,,
1151,2,5,3,4,1,1,0,3,0,1,3,3,0,0,0,,
1154,2,0,5,0,0,0,1,2,2,2,0,0,1,2,0,,
1162,0,0,2,5,0,0,0,2,0,1,0,1,0,3,3,,
1164,5,0,3,5,0,0,0,1,0,0,0,0,0,2,0,,
1175,1,4,4,2,3,0,0,1,3,0,0,0,0,3,0,,
1190,5,2,2,4,0,0,0,1,1,0,1,1,2,1,1,,
1193,2,0,0,1,0,1,1,7,1,7,6,3,0,0,6,,
1203,6,6,0,0,2,3,3,1,3,3,1,3,1,0,1,,
1206,0,1,0,0,2,0,0,0,0,0,0,0,0,2,3,,
1235,0,0,0,0,2,0,2,2,1,0,0,2,0,0,0,,
1242,0,3,2,0,1,4,0,3,3,1,0,3,0,1,0,,
1244,4,0,0,0,0,0,3,2,0,2,0,1,0,0,0,,
1267,0,5,0,5,4,4,0,1,0,1,0,3,2,1,3,,
1267,0,0,0,0,3,3,0,2,0,0,0,0,2,0,0,,
1268,0,0,3,3,0,5,0,0,0,6,0,1,0,0,2,,
1271,0,1,0,2,0,1,0,5,7,3,4,5,0,0,3,,
1297,0,6,1,0,1,0,0,1,0,2,0,1,3,0,3,,
1299,0,0,0,0,3,3,3,0,1,2,0,0,0,0,0,,
1304,1,2,5,1,0,4,0,2,0,0,4,1,0,0,0,,
1313,1,5,5,3,0,0,3,0,0,0,3,2,2,2,0,,
1313,0,0,3,3,3,0,3,2,3,1,3,1,0,0,0,,
1316,0,1,0,5,0,1,1,1,0,0,2,2,0,1,0,,
1324,0,0,5,5,0,0,0,3,4,0,4,5,0,3,0,,
1338,6,0,3,4,0,0,0,1,2,2,0,0,0,1,2,,
1340,0,1,4,2,3,0,0,1,0,7,6,4,0,0,0,,
1342,1,0,5,3,5,4,4,5,6,4,0,4,0,0,0,,
1343,0,2,0,3,0,0,2,0,2,0,0,2,0,1,0,,
1344,5,0,0,2,2,0,1,1,2,0,2,3,0,2,0,,
1359,0,4,4,0,4,6,7,7,0,7,0,4,0,5,0,,
1370,0,0,5,1,0,3,0,0,0,0,0,2,2,1,0,,
1381,0,0,3,0,0,4,0,7,0,0,0,2,0,0,6,,
1397,3,5,0,3,0,3,2,0,3,0,0,3,3,0,2,,
1400,0,4,0,2,0,0,0,1,3,0,1,3,3,0,3,,
1404,0,0,4,2,0,0,2,3,0,0,1,1,1,1,0,,
1422,5,0,0,1,0,0,0,3,0,0,0,2,1,0,0,,
1424,1,0,0,4,3,1,0,0,0,1,0,0,2,2,0,,
1425,0,0,0,1,1,0,3,2,0,0,0,2,2,1,0,,
1436,1,5,1,0,3,0,0,1,0,0,1,1,2,1,0,,
1442,0,4,0,5,4,0,6,3,6,0,4,3,0,2,0,,
1448,3,0,0,2,1,0,0,3,1,0,0,0,1,1,0,,
1450,0,4,0,3,0,1,1,1,0,1,1,2,0,0,2,,
1454,2,0,0,3,0,0,1,1,0,0,0,1,2,0,0,,
1462,3,5,0,0,0,2,2,1,0,1,2,2,0,0,1,,
1470,1,4,0,6,1,0,3,1,0,6,0,5,0,0,6,,
1479,6,5,4,0,0,1,0,1,0,3,0,1,0,0,0,,
1487,0,0,0,2,0,2,0,0,0,0,0,1,2,0,0,,
1489,0,4,0,1,0,0,0,0,0,0,1,0,0,0,2,,
1505,0,1,0,2,0,2,0,2,1,0,0,2,0,0,2,,
1511,0,2,0,2,4,0,1,1,0,1,0,1,0,1,0,,
1512,0,0,0,5,0,0,0,3,0,0,0,0,0,0,0,,
1519,3,0,0,4,2,0,7,3,0,7,6,5,0,0,3,,
1569,1,0,0,4,0,0,1,0,0,0,0,0,1,2,0,,
1603,5,2,0,3,0,3,0,2,0,0,0,3,0,0,1,,
1607,0,0,5,4,0,0,0,3,0,1,0,1,3,0,0,,
1616,0,0,0,1,0,0,0,1,0,1,0,0,0,0,2,,
1623,0,3,0,2,1,2,1,0,2,0,1,1,0,0,0,,
1629,0,0,1,1,1,3,2,0,0,1,0,2,0,0,0,,
1635,0,3,0,0,0,0,0,2,0,3,1,3,0,4,4,,
1637,3,6,5,4,0,0,0,1,2,2,0,1,1,2,0,,
1658,0,0,0,5,1,0,0,3,0,0,0,6,3,0,0,,
1674,0,3,0,3,0,0,0,0,0,0,0,0,0,0,0,,
1686,0,0,3,4,3,0,1,0,0,0,0,2,0,1,0,,
1687,0,0,0,5,0,3,0,0,0,0,0,1,5,3,0,,
1692,3,0,5,0,4,0,0,1,0,0,2,2,0,0,2,,
1695,0,3,0,0,3,0,1,1,1,0,0,1,0,0,1,,
1705,0,0,0,4,0,0,0,4,6,1,0,2,0,0,0,,
1711,0,1,1,3,1,2,3,2,0,0,0,2,0,1,1,,
1741,0,0,0,3,0,0,3,0,0,2,0,0,0,2,3,,
1750,1,3,0,1,4,0,1,1,0,0,1,0,0,0,0,,
1764,0,4,0,6,4,0,4,5,0,4,5,4,0,0,4,,
1769,4,2,0,0,1,0,0,1,1,1,0,1,0,2,0,,
1787,0,2,0,2,0,3,3,1,0,0,0,2,2,2,0,,
1787,6,1,1,3,0,0,0,3,0,0,0,0,2,0,0,,
1787,1,0,4,5,1,4,0,1,0,3,0,3,0,0,3,,
1815,2,0,0,4,6,0,4,3,0,0,0,4,5,2,0,,
1816,0,1,0,6,0,4,0,2,0,4,1,4,0,2,0,,
1820,0,1,2,2,0,0,0,2,2,0,0,2,0,1,0,,
1834,0,4,0,2,4,0,0,1,2,0,0,0,1,0,0,,
1841,5,6,0,0,0,2,2,3,0,1,0,0,0,0,0,,
1846,0,1,0,2,0,0,1,0,2,0,0,1,0,1,0,,
1850,6,0,0,3,1,1,3,0,0,2,0,1,0,0,0,,
1852,0,0,2,0,0,0,2,2,1,2,0,0,0,3,2,,
1856,5,0,3,0,2,0,0,2,0,0,0,2,0,2,0,,
1879,0,0,0,0,0,1,0,1,0,1,0,2,0,0,1,,
1882,0,1,1,2,5,0,0,4,6,7,2,2,0,4,0,,
1884,4,5,3,4,0,0,3,1,2,0,0,0,0,0,0,,
1897,1,0,0,0,0,1,0,2,6,5,3,3,2,0,5,,
1907,0,0,0,5,0,0,2,1,3,2,2,5,0,2,6,,
1927,3,1,0,6,1,3,4,5,0,0,1,1,0,6,0,,
1943,2,0,0,1,0,3,0,2,2,2,2,0,0,0,0,,
1950,4,0,0,4,0,0,0,3,0,4,0,5,0,0,6,,
1956,0,0,0,0,0,4,0,5,4,7,0,5,0,1,0,,
1961,0,0,4,5,6,4,0,4,1,7,4,5,0,1,5,,
1962,0,3,5,2,0,0,0,3,1,0,0,1,0,0,0,,
1966,4,2,5,0,4,0,0,3,0,0,0,2,0,1,1,,
1980,2,0,2,1,4,0,1,0,0,1,2,1,0,2,0,,
1993,0,0,0,0,0,0,0,1,0,1,0,1,0,0,0,,
2000,0,6,0,0,1,0,0,1,2,2,0,2,2,1,2,,
2004,0,0,0,4,0,0,0,1,2,2,0,0,0,2,0,,
2013,5,0,1,2,4,0,2,1,0,0,1,1,0,0,0,,
2026,3,0,0,5,0,0,0,6,0,0,4,2,0,6,0,,
2043,0,0,0,1,3,1,0,0,2,1,1,2,0,0,2,,
2045,0,0,0,2,1,0,4,7,0,6,5,4,5,5,0,,
2055,0,2,1,0,0,2,2,0,2,0,2,0,0,1,0,,
2066,0,0,0,4,2,0,0,1,0,0,0,0,1,2,2,,
2069,0,0,0,0,0,0,1,0,2,0,2,2,0,0,0,,
2073,0,4,2,5,4,3,0,3,1,0,0,1,0,0,3,,
2073,0,3,0,1,6,5,0,1,7,3,1,6,2,5,3,,
2077,3,0,0,4,2,0,0,6,1,0,2,6,0,0,1,,
2097,1,1,0,1,4,2,0,1,2,1,0,1,3,0,1,,
2100,0,4,3,4,1,4,0,7,0,6,2,2,0,2,0,,
2100,6,2,4,3,0,3,3,0,1,2,2,0,2,0,0,,
2136,5,5,5,0,2,0,2,0,0,0,0,3,1,0,0,,
2138,2,3,0,1,0,0,0,1,1,1,0,2,1,1,0,,
2145,0,0,5,3,4,1,2,1,0,2,3,3,3,2,2,,
2157,0,0,0,1,6,0,0,5,0,2,5,4,5,6,0,,
2159,0,0,0,1,4,0,0,1,1,1,0,2,0,0,2,,
2164,0,0,0,3,1,0,2,3,0,0,3,3,3,3,1,,
2180,0,0,0,2,0,1,0,1,1,1,1,0,2,1,0,,
2180,0,0,5,4,0,1,2,1,1,2,0,2,0,0,2,,
2183,4,0,3,0,0,3,1,1,1,0,0,1,0,0,2,,
2193,6,3,0,3,4,3,0,3,0,0,0,3,1,2,0,,
2211,1,0,0,3,4,2,3,1,1,0,0,0,1,0,0,,
2222,2,0,0,6,2,4,0,2,2,0,4,2,3,3,5,,
2228,5,1,4,4,2,2,0,2,2,0,3,1,0,0,0,,
2241,0,0,0,4,0,3,0,1,0,0,3,2,3,0,0,,
2248,0,0,4,1,4,2,0,3,0,3,0,1,0,1,0,,
2257,0,2,5,2,0,2,1,1,0,0,6,2,5,0,0,,
2263,5,5,4,2,1,1,0,1,0,0,0,1,3,0,1,,
2271,4,0,4,1,0,0,0,3,0,6,6,1,6,0,0,,
2277,1,0,5,2,1,1,0,1,1,0,1,1,0,2,0,,
2280,2,3,4,3,2,0,2,1,0,0,1,0,2,0,0,,
2283,0,0,0,1,0,1,0,2,0,0,0,2,0,0,0,,
2285,0,0,1,1,0,2,0,0,0,0,3,0,0,0,3,,
2297,1,2,0,2,0,1,0,1,2,0,0,1,0,0,0,,
2311,1,5,0,4,4,0,1,2,0,0,0,1,2,0,2,,
2323,1,5,3,3,3,2,0,2,0,1,0,2,0,0,0,,
2329,1,0,0,2,0,0,0,1,0,2,1,0,0,1,0,,
2346,3,0,1,0,0,0,1,2,0,0,0,0,2,2,1,,
2347,2,0,5,1,3,0,0,1,3,0,1,0,0,0,0,,
2353,4,0,4,1,0,0,0,7,4,5,0,6,1,1,3,,
2354,1,1,0,0,2,4,3,0,3,0,0,2,1,2,3,,
2354,5,0,2,3,0,1,0,1,0,0,0,2,0,0,0,,
2375,2,3,0,1,0,0,2,0,0,0,3,3,0,2,0,,
2392,0,2,4,5,0,0,2,2,0,0,0,2,2,3,0,,
2398,0,1,1,3,4,0,0,5,0,3,0,1,2,0,0,,
2407,4,0,0,4,0,0,0,0,2,0,2,0,0,0,0,,
2424,0,2,0,5,0,4,0,7,1,0,0,5,1,0,0,,
2430,0,1,4,5,4,1,2,1,1,0,0,1,1,0,3,,
2435,0,0,2,0,4,0,3,3,0,0,1,1,3,0,0,,
2445,0,0,0,0,3,1,4,4,1,2,2,2,0,2,1,,
2446,0,2,4,0,0,4,0,0,0,2,0,2,1,0,0,,
2470,5,6,3,3,3,4,0,1,0,0,0,3,1,1,1,,
2471,6,6,0,0,1,0,0,0,2,1,0,0,0,1,0,,
2482,0,2,0,3,3,3,0,2,3,3,1,1,3,2,0,,
2482,0,3,0,2,0,0,0,2,0,2,2,1,0,0,1,,
2489,0,0,5,0,0,3,0,0,0,2,2,1,0,0,0,,
2494,0,4,0,0,4,0,0,1,2,0,2,1,0,0,0,,
2494,1,0,0,1,4,1,0,1,0,1,0,2,0,0,0,,
2511,2,3,2,3,0,2,0,3,1,2,2,2,3,0,3,,
2525,0,0,0,2,0,0,7,6,7,5,0,3,0,4,0,,
2542,5,3,0,0,0,3,3,2,0,0,0,0,1,0,1,,
2547,0,0,0,1,4,3,0,3,1,2,0,5,0,0,3,,
2561,0,1,0,4,0,2,0,2,2,0,2,1,0,2,0,,
2570,0,0,0,0,0,0,6,4,1,3,0,2,6,0,0,,
2591,0,1,0,1,1,1,1,1,1,0,1,3,2,0,0,,
2602,3,0,4,3,0,2,0,1,1,0,0,2,2,0,0,,
2603,1,3,0,0,0,0,0,6,0,0,0,3,0,0,1,,
2622,0,2,0,3,3,0,0,0,0,0,0,1,2,2,0,,
2623,0,0,3,2,0,0,0,3,6,2,2,4,0,0,1,,
2625,0,0,0,3,6,0,0,1,0,0,6,1,6,1,4,,
2632,6,4,4,3,0,1,0,2,0,0,2,1,0,1,0,,
2634,3,4,2,1,0,1,1,0,0,2,2,0,0,0,0,,
2636,1,0,1,3,0,1,1,2,1,0,0,1,0,2,0,,
2645,2,2,2,5,0,0,0,4,0,0,1,3,1,1,0,,
2650,4,0,0,3,3,2,3,2,2,2,0,1,1,0,1,,
2653,3,1,3,4,0,4,2,1,0,0,0,3,2,0,0,,
2689,3,2,0,2,0,0,0,1,1,6,0,5,2,0,0,,
2695,0,0,0,1,0,4,0,2,3,0,2,2,0,2,2,,
2715,0,0,0,6,0,0,0,2,0,1,0,5,0,3,0,,
2725,0,0,5,1,0,3,2,1,0,2,0,1,2,2,0,,
2729,2,5,0,0,0,0,2,0,0,0,0,0,1,2,0,,
2732,3,0,0,5,0,3,0,1,1,3,3,3,3,1,2,,
2741,6,4,3,5,4,4,1,2,0,0,0,0,0,3,3,,
2751,0,2,0,3,0,0,0,1,0,0,0,2,0,2,0,,
2755,0,5,1,2,0,2,0,1,0,2,2,0,0,2,0,,
2762,1,4,2,2,0,0,5,7,0,5,0,4,4,0,0,,
2764,0,0,3,2,0,0,2,0,0,0,0,1,0,1,0,,
2770,1,0,3,3,1,0,0,2,1,0,0,0,0,0,0,,
2771,0,0,2,5,0,0,0,2,6,0,1,2,6,0,0,,
2775,6,2,5,0,0,0,3,1,3,0,0,1,0,1,0,,
2793,0,0,0,2,5,6,0,1,0,6,0,6,0,0,0,,
2810,0,0,0,1,0,0,1,1,2,0,0,1,0,0,0,,
2820,3,2,5,1,0,2,0,2,0,0,1,1,0,2,0,,
2825,0,1,0,2,0,2,3,0,0,2,1,0,0,2,0,,
2829,3,0,5,3,0,0,0,2,0,2,3,0,3,1,0,,
2843,5,0,1,1,0,0,0,1,3,3,1,0,3,0,3,,
2850,0,0,0,2,0,2,2,1,2,0,0,4,0,2,0,,
2871,2,0,0,1,0,0,1,1,0,1,0,1,0,0,0,,
2876,0,3,0,3,4,2,0,0,0,2,0,3,2,0,0,,
2878,0,3,1,1,2,0,6,1,0,0,1,4,0,1,4,,
2885,6,4,0,0,3,3,3,0,1,0,0,0,0,2,2,,
2899,0,0,4,4,0,3,0,6,7,0,6,6,0,2,6,,
2906,2,5,0,3,0,0,0,0,0,0,0,1,0,2,2,,
2908,5,0,0,2,0,0,0,3,0,1,0,0,0,1,0,,
2916,2,0,2,2,0,2,0,2,3,0,0,1,1,3,0,,
2923,2,0,0,1,0,0,0,3,1,0,3,2,0,0,0,,
2929,0,3,5,4,0,0,0,0,0,0,3,2,3,3,3,,
2941,3,3,5,1,3,0,0,1,0,0,0,2,0,2,1,,
2953,5,0,0,3,0,0,3,2,1,1,1,1,0,2,0,,
2956,0,0,0,3,2,2,0,2,1,0,1,1,0,0,1,,
2961,5,0,4,4,1,2,3,2,1,0,0,0,1,0,0,,
2984,5,0,0,0,3,0,3,2,1,0,2,2,1,0,0,,
2995,0,3,0,6,0,2,7,3,0,1,4,6,3,0,5,,
3006,0,1,4,1,1,0,1,3,1,0,0,0,1,0,0,,
3016,0,0,0,4,0,0,3,4,0,6,0,2,3,1,0,,
3018,0,5,4,4,0,1,2,2,2,0,1,2,0,0,0,,
3053,0,1,1,1,0,6,3,0,0,0,0,5,0,0,0,,
3061,0,4,0,4,3,3,1,0,2,2,2,0,0,0,0,,
3063,3,4,0,1,0,0,1,2,2,0,2,1,0,0,0,,
3078,0,0,0,0,0,0,0,4,0,6,2,4,0,0,6,,
3080,4,1,0,5,2,0,0,3,3,0,0,2,5,0,5,,
3094,0,6,4,0,2,0,0,1,0,0,0,2,0,0,0,,
3106,0,3,0,1,2,0,3,1,0,1,2,1,0,2,0,,
3107,0,0,0,0,2,4,3,4,7,2,0,4,5,6,0,,
3113,0,1,3,0,0,0,5,5,0,0,5,1,6,2,1,,
3127,5,3,4,1,0,2,0,3,0,0,3,0,3,0,1,,
3131,1,2,0,3,6,1,0,3,4,5,0,1,5,5,0,,
3135,0,2,1,3,0,0,0,6,7,1,0,2,5,0,0,,
3151,6,0,0,2,1,3,0,3,0,2,1,1,2,0,2,,
3154,0,0,4,2,5,0,2,2,3,1,2,1,0,1,0,,
3168,3,0,5,3,1,3,4,7,0,0,1,3,0,2,0,,
3183,2,0,2,1,0,0,0,1,3,0,0,2,0,0,1,,
3201,0,0,5,0,1,4,3,0,0,0,0,3,1,0,0,,
3249,0,3,0,0,0,0,0,2,0,0,0,2,0,1,0,,
3260,0,0,4,3,0,1,0,0,0,1,2,1,2,0,0,,
3263,0,3,0,0,0,0,0,1,0,2,0,0,1,0,0,,
3279,4,4,2,3,0,2,1,2,0,0,2,1,1,1,1,,
3281,5,2,3,3,2,0,0,0,1,3,2,2,3,0,0,,
3281,0,6,0,1,4,1,0,0,3,1,0,2,0,1,0,,
3298,1,0,2,1,0,0,6,4,0,6,0,6,2,0,3,,
3301,0,1,1,2,4,0,0,1,0,0,1,1,0,0,0,,
3311,0,0,1,3,0,1,3,1,2,0,1,1,2,2,1,,
3317,2,0,1,4,0,4,0,3,0,0,3,3,1,2,1,,
3319,0,0,1,0,0,2,2,2,0,1,0,1,0,0,2,,
3347,2,5,0,3,0,0,3,3,1,2,2,3,0,0,0,,
3357,0,0,2,3,0,6,4,2,0,2,0,2,5,0,0,,
3357,0,4,3,5,3,0,2,3,1,7,2,2,0,1,2,,
3367,5,0,0,2,0,0,3,0,1,0,2,2,0,0,0,,
3375,4,6,0,2,0,0,0,2,2,1,0,0,0,1,0,,
3382,0,1,4,1,0,0,2,0,0,2,2,1,0,0,0,,
3399,2,4,1,1,4,0,1,3,0,0,0,2,2,0,1,,
3408,0,0,0,1,4,0,3,0,2,0,2,1,0,0,1,,
3409,0,0,0,2,4,2,0,2,1,0,0,2,0,0,1,,
3421,1,6,0,5,4,0,0,3,0,0,0,0,3,0,0,,
3425,0,0,0,4,0,0,2,2,5,0,0,3,4,3,5,,
3433,0,0,3,1,0,0,0,1,0,1,0,2,0,0,0,,
3451,0,2,5,2,1,0,1,1,0,1,0,1,0,0,0,,
3451,5,0,0,2,0,0,0,2,2,2,0,1,2,0,0,,
3453,0,1,5,4,2,2,0,2,2,0,2,1,1,0,0,,
3460,0,0,0,3,0,0,0,0,0,2,0,1,0,2,0,,
3469,0,0,1,1,0,0,0,1,0,1,2,0,2,0,1,,
3478,0,0,1,4,2,2,1,0,2,0,0,2,0,0,0,,
3502,2,5,5,0,2,0,0,0,0,0,2,0,2,0,0,,
3515,6,0,5,4,1,0,2,3,0,2,2,1,1,0,2,,
3517,0,0,0,5,0,4,0,0,3,0,0,3,2,0,0,,
3529,5,1,0,4,4,0,1,1,0,1,1,2,0,0,0,,
3532,0,0,0,2,5,5,0,4,0,0,0,6,1,0,0,,
3536,4,0,4,5,1,0,0,2,0,0,3,1,1,1,0,,
3544,6,0,0,3,3,0,0,2,0,0,2,2,2,3,2,,
3550,0,0,0,1,3,5,0,4,0,0,6,4,0,1,2,,
3559,4,0,0,4,0,0,0,0,0,0,0,1,0,2,0,,
3567,0,3,0,4,0,0,0,3,0,2,0,0,0,1,2,,
3570,0,0,3,0,5,3,5,6,5,4,4,4,3,2,0,,
3577,0,0,3,6,2,0,4,2,6,0,0,5,1,0,5,,
3577,0,0,0,0,0,0,1,2,1,2,0,0,1,0,2,,
3580,0,0,0,3,2,0,0,0,2,0,0,2,2,2,0,,
3584,0,3,4,5,6,0,0,5,0,7,5,3,6,6,0,,
3593,0,0,1,1,2,0,0,5,7,2,6,5,0,0,2,,
3600,3,0,3,1,1,1,0,2,3,0,2,3,3,3,0,,
3601,5,0,2,5,0,1,1,3,1,2,0,3,0,1,0,,
3607,0,0,5,4,3,4,1,2,3,0,0,2,3,2,0,,
3608,4,0,5,2,2,1,0,3,2,0,1,2,0,0,0,,
3608,0,4,0,2,0,3,0,6,4,0,0,6,0,4,0,,
3613,0,2,4,0,0,0,0,3,1,4,6,6,0,3,0,,
3627,2,0,0,0,0,0,0,0,0,1,0,2,0,0,0,,
3632,5,0,0,4,2,0,0,1,2,1,2,0,1,0,0,,
3633,1,0,0,2,0,0,0,2,2,0,0,1,3,0,1,,
3637,1,4,0,0,0,3,2,0,2,0,0,2,1,0,0,,
3638,0,0,3,0,0,0,1,2,0,0,1,1,0,0,0,,
3652,5,0,0,2,0,3,3,1,0,1,2,2,0,2,0,,
3669,0,0,5,1,1,2,0,4,0,2,3,1,0,0,3,,
3671,0,0,0,1,3,3,0,2,1,2,0,1,0,1,1,,
3675,4,1,4,3,0,0,0,0,2,0,3,3,0,0,1,,
3677,1,3,0,0,0,3,0,1,0,3,2,1,3,1,0,,
3681,0,0,0,2,2,3,1,0,0,0,0,1,0,2,0,,
3686,0,0,2,2,0,3,0,2,0,3,0,3,0,2,3,,
3701,1,0,5,1,0,0,0,1,2,1,2,1,0,0,0,,
3734,0,1,4,0,0,0,0,1,3,3,0,1,3,0,0,,
3741,6,1,1,5,0,2,0,3,0,0,0,3,0,2,2,,
3743,0,4,2,5,4,4,7,7,0,0,2,4,5,0,0,,
3746,0,0,5,0,4,3,3,2,0,0,0,0,1,1,0,,
3754,0,3,0,0,4,3,2,1,0,0,1,2,0,0,2,,
3760,3,3,1,0,3,0,0,0,3,0,0,3,0,0,3,,
3780,0,3,0,1,0,0,3,2,0,0,0,2,0,0,2,,
3782,1,5,1,1,0,0,2,3,3,3,0,3,2,3,0,,
3783,1,0,0,5,0,5,7,3,7,0,1,2,0,0,0,,
3787,4,0,0,0,0,2,2,1,1,0,0,1,1,2,0,,
3804,1,0,0,2,0,0,0,2,4,0,6,6,3,0,2,,
3811,0,0,0,4,0,0,0,7,0,0,0,6,4,0,6,,
3814,0,5,1,3,0,0,0,1,0,0,1,1,1,0,2,,
3828,1,5,5,5,2,0,1,0,2,0,0,0,1,1,0,,
3828,0,1,0,6,0,0,3,4,0,1,4,6,2,0,0,,
3829,0,0,2,0,0,2,3,1,0,0,0,3,2,2,0,,
3869,3,0,0,2,3,0,3,5,5,0,1,1,0,0,2,,
3874,2,1,5,2,0,0,0,0,1,0,1,0,0,0,1,,
3889,4,0,0,2,0,2,0,0,0,1,1,2,0,0,0,,
3889,3,0,4,1,4,3,0,0,1,0,1,1,0,0,2,,
3900,0,0,3,1,4,0,1,1,0,1,0,3,0,2,1,,
3919,0,0,4,2,0,0,1,0,0,1,0,1,0,0,0,,
3927,3,5,5,0,1,3,0,2,2,0,0,0,0,0,0,,
3929,6,0,4,3,0,0,0,2,0,0,0,2,0,1,0,,
3965,1,5,3,3,0,0,1,0,3,0,3,1,0,2,0,,
3977,0,4,0,3,0,0,0,1,0,0,0,3,0,4,0,,
3981,3,0,2,4,0,1,0,3,0,0,0,3,0,1,2,,
3981,0,1,0,1,0,0,1,0,2,0,0,3,0,0,0,,
3983,4,1,0,3,2,0,2,1,1,0,2,1,0,0,2,,
4007,6,0,0,2,0,0,0,2,3,3,0,3,2,0,2,,
4014,0,0,0,0,3,3,3,0,0,0,0,2,1,0,0,,
4028,0,0,0,4,1,2,0,2,0,0,0,1,0,0,2,,
4038,0,0,4,1,0,0,1,2,0,3,1,2,0,2,0,,
4038,1,0,4,0,1,2,0,2,3,0,2,3,0,3,0,,
4050,4,4,0,0,0,3,1,2,2,0,0,1,1,0,0,,
4051,0,0,2,1,0,5,0,3,0,0,0,5,5,1,6,,
4077,0,0,3,1,0,0,0,2,0,0,2,1,0,0,0,,
4085,2,1,0,2,3,0,0,2,0,0,0,3,3,0,3,,
4115,0,0,0,1,2,3,0,3,2,0,0,0,2,3,0,,
4138,0,2,0,2,0,0,1,1,1,1,2,3,1,1,2,,
4141,5,4,4,1,2,0,0,3,0,3,0,3,0,0,0,,
4149,6,0,0,4,0,0,1,1,1,2,0,1,0,1,0,,
4157,3,0,0,5,0,2,2,1,0,0,1,2,2,3,2,,
4171,0,4,2,0,0,4,0,2,2,3,2,1,3,1,0,,
4177,3,0,0,1,0,5,4,3,4,0,0,6,0,0,0,,
4200,0,1,0,0,0,2,0,1,0,1,0,2,2,0,0,,
4202,5,2,1,3,0,0,0,2,0,3,0,1,1,0,0,,
4230,0,0,3,4,2,1,0,2,0,1,1,3,3,3,2,,
4235,4,0,0,1,3,0,0,3,0,0,0,1,0,3,0,,
4242,0,0,2,0,0,0,0,0,0,0,0,1,2,1,0,,
4248,4,0,3,2,0,2,1,3,0,2,0,2,3,0,2,,
4286,1,0,4,2,0,4,5,2,0,3,3,6,2,5,0,,
4295,3,4,0,0,3,2,1,0,0,2,0,1,0,2,1,,
4297,6,6,3,3,2,0,0,1,0,1,0,1,0,3,1,,
4300,3,0,1,3,0,0,1,0,0,0,1,1,0,1,2,,
4312,1,2,0,2,1,0,2,1,2,0,0,0,0,0,0,,
4323,0,6,2,1,1,0,1,1,1,2,2,3,3,3,2,,
4326,4,0,0,5,2,4,2,2,0,0,0,0,0,2,0,,
4340,2,0,3,0,0,4,2,1,1,0,0,3,2,0,0,,
4348,3,3,0,5,0,0,0,3,0,0,0,2,3,0,0,,
4351,0,6,2,5,0,2,0,3,2,0,0,1,0,3,0,,
4355,1,0,3,4,0,0,7,2,2,0,3,4,0,0,0,,
4359,1,3,3,2,0,0,1,0,0,0,1,1,2,0,0,,
4366,0,2,4,4,6,1,6,6,0,0,0,5,0,1,2,,
4397,1,3,0,3,1,2,0,1,1,0,1,2,1,0,2,,
4410,6,3,0,4,0,0,1,2,0,2,1,1,1,0,1,,
4422,6,4,4,0,4,2,0,1,1,0,1,1,0,0,0,,
4425,1,0,0,3,3,0,0,3,0,2,0,1,3,0,2,,
4433,0,4,0,3,0,0,0,2,2,0,0,0,2,0,2,,
4452,0,1,1,4,0,0,3,2,0,3,0,2,1,2,1,,
4452,0,2,3,0,3,0,0,0,0,0,0,2,0,1,0,,
4481,0,0,1,3,0,2,0,7,0,0,0,6,0,0,0,,
4494,0,0,4,1,2,0,0,3,1,0,3,3,3,3,2,,
4500,1,0,3,3,3,0,0,3,0,1,0,0,2,0,0,,
4512,6,0,1,2,4,2,0,3,3,0,0,0,0,0,0,,
4540,0,0,3,4,3,0,1,0,0,0,0,0,2,2,0,,
4546,0,0,5,3,0,2,6,1,0,0,0,2,5,5,0,,
4572,0,2,3,3,0,4,0,0,0,0,0,2,1,0,3,,
4576,0,0,0,1,0,3,0,0,1,0,0,0,0,2,0,,
4578,1,0,1,2,4,0,6,6,4,0,3,3,0,0,0,,
4582,5,2,5,0,3,0,2,0,0,2,1,0,1,2,0,,
4587,0,0,3,4,5,0,0,5,0,0,0,4,0,0,4,,
4595,0,0,0,0,0,1,0,1,0,0,0,0,0,0,0,,
4597,0,4,3,0,5,3,4,2,2,7,0,3,0,3,0,,
4610,0,0,0,5,6,6,7,4,0,4,0,1,2,4,0,,
4626,0,3,0,4,3,0,0,3,6,6,1,3,0,0,6,,
4627,1,0,3,0,4,0,2,1,0,0,0,2,0,0,0,,
4637,0,2,3,1,0,0,0,2,2,2,1,1,3,2,2,,
4642,0,2,0,0,0,0,6,3,0,0,1,5,0,0,3,,
4645,0,0,0,4,0,5,4,7,0,1,0,2,4,0,0,,
4648,0,0,0,2,2,4,1,3,3,0,2,3,0,0,0,,
4654,1,0,0,0,3,1,0,1,0,1,1,1,1,0,0,,
4654,6,0,1,0,4,3,3,2,1,1,0,0,2,2,2,,
4657,0,0,1,4,4,0,0,1,0,2,0,0,0,0,0,,
4661,0,0,4,4,2,0,1,0,2,0,0,2,0,0,0,,
4671,0,1,0,1,0,0,3,3,2,0,0,3,1,0,1,,
4680,2,0,0,2,4,0,2,2,3,0,3,2,2,0,0,,
4699,1,0,0,1,0,2,6,2,0,0,6,1,0,0,0,,
4712,0,0,0,5,5,0,0,6,3,0,6,6,0,0,0,,
4730,5,0,0,0,0,0,0,2,3,1,3,0,3,0,0,,
4731,0,0,5,2,0,0,0,0,2,0,2,2,1,2,0,,
4732,0,0,1,3,1,1,0,4,7,0,0,1,0,1,4,,
4732,5,0,0,2,0,3,0,1,1,2,0,1,2,0,0,,
4744,0,0,0,1,5,0,3,7,0,0,0,5,0,1,2,,
4756,0,0,4,4,1,1,7,3,0,0,0,4,1,3,0,,
4759,0,0,1,3,4,2,5,3,0,0,6,1,0,0,0,,
4764,4,5,4,2,0,3,0,0,0,0,3,0,0,2,0,,
4769,0,0,0,0,1,0,0,2,1,1,1,0,0,1,0,,
4773,0,0,0,2,0,1,0,2,0,0,0,1,0,0,0,,
4785,0,1,1,3,0,3,2,0,0,2,0,2,0,0,0,,
4794,0,2,0,2,0,0,7,1,2,5,3,1,0,0,0,,
4797,1,2,0,1,0,0,0,3,0,0,0,1,3,1,0,,
4799,0,2,5,2,4,0,0,2,0,0,0,2,0,0,0,,
4809,5,0,3,2,4,0,1,1,0,0,0,1,0,0,2,,
4811,5,1,0,5,1,4,2,3,0,0,1,2,0,3,0,,
4813,4,0,0,1,0,0,0,0,2,1,0,1,1,0,0,,
4814,0,0,4,0,2,0,0,1,0,2,1,3,3,0,0,,
4819,0,0,2,5,0,2,4,1,3,2,5,1,2,0,5,,
4822,0,3,0,4,2,2,5,7,0,0,6,5,0,0,3,,
4824,5,6,5,0,0,0,0,1,3,0,3,1,1,0,0,,
4824,4,0,4,1,2,3,0,0,2,3,3,1,2,3,0,,
4826,2,0,0,4,0,0,0,1,0,0,0,2,0,0,0,,
4839,2,5,1,2,0,0,0,1,2,2,0,2,0,0,0,,
4863,0,0,0,1,4,0,0,2,0,2,2,1,0,0,0,,
4863,0,0,0,0,0,0,2,2,1,0,0,0,2,1,0,,
4876,3,0,4,0,0,1,0,0,0,1,0,2,0,0,0,,
4909,0,0,0,2,3,0,0,0,0,1,3,1,0,0,0,,
4914,5,0,0,0,0,2,0,1,0,2,3,0,0,1,0,,
4972,0,3,2,3,1,0,1,0,0,0,1,0,0,0,0,,
4973,4,2,1,6,0,2,0,7,3,0,3,4,6,2,0,,
4985,0,6,0,2,0,0,0,2,1,0,0,2,0,0,0,,
4993,6,6,2,1,0,3,0,2,0,0,2,2,0,0,0,,
5006,0,1,0,0,0,0,2,2,0,2,0,1,0,2,2,,
5024,0,0,0,3,1,5,5,3,3,5,1,6,1,0,0,,
5028,1,0,4,3,0,0,2,1,0,2,1,1,0,0,0,,
5029,2,0,5,5,0,4,0,2,0,0,0,2,0,3,0,,
5033,1,2,0,2,2,0,0,1,2,1,0,1,0,0,2,,
5051,6,0,0,2,0,0,1,1,0,0,0,2,2,0,0,,
5052,1,0,3,0,3,4,1,1,0,0,0,0,0,0,0,,
5052,5,2,5,0,4,0,3,1,0,0,0,2,1,0,2,,
5054,6,0,0,3,0,0,0,2,0,2,0,0,0,2,0,,
5060,3,3,0,1,0,0,0,2,0,0,0,1,1,0,1,,
5077,0,0,0,4,2,1,0,1,2,2,2,0,2,2,2,,
5082,1,2,0,3,3,2,2,2,1,0,0,0,0,0,0,,
5114,0,1,0,5,0,0,0,1,0,0,0,0,0,3,1,,
5123,0,0,3,0,3,0,0,1,0,2,0,0,0,1,3,,
5142,1,0,4,3,4,0,1,2,1,0,0,0,1,3,0,,
5157,1,0,0,4,0,2,0,0,0,0,0,0,0,0,0,,
5159,0,4,0,3,0,0,0,2,0,2,1,1,1,2,1,,
5192,0,0,1,5,0,0,0,5,0,0,0,4,1,3,3,,
5211,3,0,0,3,0,0,3,1,0,1,0,0,0,0,0,,
5220,2,0,0,1,0,1,0,1,6,0,0,1,2,4,4,,
5224,2,3,3,0,0,1,0,2,0,0,0,1,3,0,0,,
5225,5,0,0,0,0,0,0,1,0,0,0,1,1,0,2,,
5226,0,1,2,4,0,0,0,2,1,0,0,4,0,5,0,,
5235,0,0,0,4,3,1,0,1,0,0,2,1,2,0,0,,
5236,0,0,4,3,4,0,0,1,1,0,0,1,2,0,0,,
5244,0,0,0,3,3,2,3,0,2,0,1,2,0,1,0,,
5255,3,0,3,4,2,2,1,0,3,0,3,3,3,0,1,,
5259,0,0,0,0,2,0,0,0,1,0,0,2,0,2,0,,
5265,2,4,0,3,3,0,0,1,0,0,0,2,2,0,0,,
5270,1,1,0,5,4,4,1,3,3,3,2,2,2,0,1,,
5288,5,0,5,0,0,2,0,2,0,2,1,1,2,1,2,,
5288,5,6,2,5,0,0,2,2,1,0,0,1,0,1,0,,
5291,4,0,1,4,2,0,0,1,2,0,0,0,0,3,2,,
5305,4,2,0,1,2,1,7,2,0,0,6,6,2,5,5,,
5307,6,4,0,4,0,0,0,0,1,0,0,0,0,0,0,,
5310,3,3,0,3,2,0,0,3,0,0,1,0,1,0,3,,
5313,0,0,4,2,0,0,7,3,0,0,2,6,0,0,2,,
5314,0,0,0,3,0,3,0,1,1,0,0,0,0,0,0,,
5331,3,3,0,3,0,3,0,2,3,3,2,2,0,0,2,,
5332,0,0,0,0,0,2,3,4,0,7,0,2,0,1,0,,
5344,0,3,0,0,0,0,3,1,0,0,0,3,0,2,0,,
5347,0,3,1,1,2,1,0,0,0,1,1,0,1,1,0,,
5349,0,4,3,2,0,0,2,3,0,0,1,3,0,4,5,,
5357,2,1,0,0,0,0,0,1,0,0,0,3,1,1,0,,
5379,0,3,0,5,2,4,0,1,0,1,0,2,2,1,1,,
5379,0,2,4,4,0,0,1,7,0,0,3,2,6,0,3,,
5381,2,2,5,0,1,0,1,0,1,2,0,2,2,0,0,,
5382,0,2,5,0,0,3,3,3,3,0,0,3,2,0,3,,
5383,5,0,0,2,0,0,0,0,1,3,0,1,0,1,1,,
5385,0,0,5,2,6,0,5,7,0,0,0,3,0,0,4,,
5391,0,0,3,4,0,0,0,1,0,0,0,1,0,0,0,,
5393,2,0,0,2,0,0,0,2,3,3,0,2,0,0,0,,
5395,3,4,0,4,3,0,3,1,0,0,0,1,0,1,0,,
5402,0,4,4,0,4,0,0,1,1,2,0,0,0,2,0,,
5413,0,5,4,3,1,0,0,2,0,0,0,2,0,1,0,,
5416,6,0,3,4,0,3,0,3,2,1,3,2,2,0,2,,
5418,0,3,0,2,3,2,0,0,0,0,1,1,1,0,0,,
5424,0,3,0,4,0,6,7,3,1,3,5,2,2,0,5,,
5428,0,5,0,4,2,2,0,2,0,0,0,2,2,0,0,,
5429,0,3,0,0,2,2,1,2,2,1,0,2,0,0,0,,
5448,0,0,0,3,2,4,6,6,1,0,0,5,0,6,0,,
5461,1,0,0,4,0,1,3,7,5,0,0,3,0,4,0,,
5465,2,0,0,5,3,2,0,2,0,3,0,2,1,0,3,,
5472,0,0,4,3,2,0,3,0,3,1,2,3,3,0,0,,
5473,4,0,2,4,2,0,0,0,0,2,1,1,1,0,0,,
5476,3,2,4,2,0,2,0,0,0,2,5,5,0,0,1,,
5492,0,0,1,0,5,3,3,7,3,3,1,3,0,0,0,,
5494,3,0,0,5,0,3,0,4,1,0,6,6,5,4,4,,
5501,4,0,1,1,0,0,0,6,5,3,0,4,0,0,0,,
5502,3,1,4,5,0,5,0,6,0,7,5,6,3,4,0,,
5504,0,0,0,4,0,0,2,0,2,1,0,3,0,0,1,,
5510,0,5,0,0,0,0,0,2,1,0,2,0,1,1,0,,
5518,3,0,0,4,2,3,0,3,1,3,0,0,3,0,3,,
5518,0,6,5,0,0,0,2,1,0,2,0,1,2,1,0,,
5532,4,0,5,3,0,0,0,0,1,0,0,0,0,1,0,,
5545,5,6,3,0,2,3,0,2,3,1,3,3,1,1,1,,
5550,0,0,0,3,0,0,0,5,6,0,0,1,6,0,0,,
5559,2,0,0,1,1,0,0,1,2,0,0,2,0,3,1,,
5567,0,4,3,4,3,4,2,1,2,2,1,2,0,0,0,,
5580,0,0,2,6,0,6,5,7,0,2,0,1,0,0,0,,
5582,1,0,0,1,0,1,1,1,0,0,0,0,0,0,1,,
5600,4,2,4,4,6,0,7,5,0,0,0,1,0,0,1,,
5606,0,0,5,0,4,2,0,1,1,0,1,2,0,0,1,,
5610,6,0,0,1,1,1,2,1,2,0,2,0,0,0,0,,
5615,1,0,2,4,0,0,3,1,0,0,0,1,0,0,0,,
5627,6,6,0,0,2,0,2,0,0,0,0,2,0,3,0,,
5629,0,1,4,0,0,3,0,3,0,0,0,0,0,0,0,,
5629,2,0,0,1,0,0,0,1,0,0,0,0,0,2,1,,
5630,0,1,0,2,2,0,7,4,0,0,3,6,2,3,1,,
5632,0,0,3,4,6,0,4,6,0,1,0,3,0,0,0,,
5641,0,0,1,2,3,0,0,2,0,0,0,0,2,0,0,,
5649,2,0,0,5,0,3,3,1,0,2,2,0,0,3,0,,
5653,0,3,5,0,0,3,2,0,0,0,0,2,1,1,2,,
5655,0,3,0,1,0,0,3,2,0,0,0,0,0,0,2,,
5663,0,0,1,2,1,0,2,1,3,0,2,1,0,3,0,,
5664,3,0,1,5,0,2,2,0,0,3,0,3,0,0,0,,
5679,6,1,2,0,1,0,0,3,0,0,0,0,0,1,0,,
5680,0,0,5,1,0,0,3,2,1,0,0,1,2,1,0,,
5682,0,0,0,1,0,2,0,0,2,0,1,0,0,0,0,,
5688,0,1,4,3,0,0,1,2,0,0,0,2,0,0,0,,
5692,0,2,0,5,1,0,0,2,5,0,0,6,0,0,5,,
5701,5,3,0,3,1,0,0,0,1,2,2,2,0,0,1,,
5711,2,0,0,2,5,6,0,2,5,0,0,5,0,0,6,,
5715,3,1,0,3,0,0,0,7,1,0,0,6,0,4,1,,
5715,0,5,0,0,0,2,0,0,1,0,0,0,0,2,0,,
5717,0,0,0,0,0,0,0,0,1,0,0,1,0,0,0,,
5745,5,0,0,4,0,2,0,1,0,0,0,2,0,1,0,,
5750,0,3,0,3,3,3,0,2,3,3,0,3,1,0,0,,
5753,0,0,0,0,2,0,0,5,0,2,0,1,0,0,0,,
5764,4,0,1,3,0,2,3,4,1,0,0,4,3,0,5,,
5770,3,0,0,3,4,3,0,2,1,0,0,1,0,0,1,,
5786,0,0,0,0,1,0,0,1,2,0,1,2,2,2,2,,
5787,5,4,0,5,0,1,1,0,0,0,0,3,1,0,0,,
5818,6,1,4,5,3,0,0,1,1,2,1,1,0,0,1,,
5833,4,3,1,4,0,0,0,0,1,0,1,1,0,0,0,,
5848,0,4,0,6,0,4,3,3,4,3,6,2,1,0,0,,
5855,0,3,1,5,3,0,6,4,7,1,0,2,0,0,5,,
5863,4,0,0,4,6,0,0,6,3,3,0,2,6,0,5,,
5870,5,5,4,1,1,2,3,1,0,1,1,3,0,2,1,,
5891,0,0,0,4,0,0,5,5,7,6,3,2,3,4,0,,
5894,2,0,1,2,2,0,0,1,3,0,0,3,3,3,1,,
5900,0,1,0,2,2,3,3,2,0,0,0,0,2,0,2,,
5904,0,1,3,3,1,3,0,1,0,0,0,0,1,2,2,,
5919,0,2,1,5,0,0,0,3,3,3,0,0,0,0,0,,
5929,1,0,0,6,3,0,0,2,0,2,0,1,0,0,0,,
5930,0,0,0,4,2,0,0,7,2,7,0,5,0,3,0,,
5937,0,0,0,2,0,0,0,0,0,2,1,0,2,1,0,,
5953,4,0,0,0,0,3,0,1,1,1,1,1,0,0,0,,
5959,0,3,3,1,0,0,0,1,0,0,0,5,2,3,6,,
5961,0,0,2,1,3,6,1,4,7,4,5,1,4,5,2,,
5961,0,3,0,2,0,0,0,2,0,0,2,2,0,0,2,,
5967,0,0,2,0,4,2,1,1,0,0,0,2,0,0,1,,
5976,1,0,0,2,0,2,0,1,0,0,0,2,0,1,0,,
5977,0,0,0,1,0,3,0,2,0,0,0,0,0,2,0,,
5983,3,0,0,6,3,0,0,1,0,3,0,3,0,0,4,,
5991,0,0,0,1,3,0,0,1,0,0,3,6,0,6,0,,
5991,0,0,5,0,2,3,2,0,0,2,0,2,0,1,2,,
5992,4,0,0,2,1,0,0,0,0,1,0,0,0,0,0,,
6000,2,5,1,1,1,2,1,2,0,0,0,0,0,0,0,,
6013,3,1,0,5,0,0,0,0,1,3,0,1,0,0,0,,
6015,0,0,4,4,0,0,0,0,1,2,0,2,2,1,0,,
6025,2,0,5,4,0,3,1,0,0,0,0,1,2,0,2,,
6027,5,0,2,2,0,0,3,1,1,0,0,0,0,1,0,,
6030,0,0,0,2,0,0,2,0,0,0,2,0,1,0,0,,
6047,5,0,5,0,0,0,0,1,0,0,0,0,0,0,0,,
6054,2,4,1,2,4,0,0,0,2,0,2,2,1,0,0,,
6062,0,0,5,1,1,0,1,1,0,1,0,1,0,0,1,,
6078,0,3,0,3,3,0,0,0,0,2,2,1,0,0,2,,
6082,4,3,0,2,2,0,0,2,3,0,0,3,0,0,3,,
6082,4,3,0,6,0,5,7,1,7,0,0,3,6,0,6,,
6083,2,0,0,3,3,0,3,2,0,0,0,2,0,1,1,,
6085,0,0,3,1,4,1,2,0,2,0,1,0,0,0,0,,
6104,0,0,2,0,3,0,0,0,1,0,2,0,0,0,0,,
6117,0,0,0,4,0,2,0,0,0,0,2,1,2,1,0,,
6129,4,1,3,0,4,0,1,0,0,0,0,2,0,0,0,,
6132,0,1,0,2,0,3,0,0,0,0,2,1,0,0,1,,
6134,0,3,4,1,0,0,0,1,1,0,6,2,0,1,0,,
6137,1,4,0,3,0,0,0,1,0,1,1,1,0,0,0,,
6139,0,0,0,3,4,1,7,1,5,2,4,4,1,0,4,,
6141,3,5,3,0,3,0,1,0,0,0,2,1,0,0,0,,
6142,5,0,0,3,0,2,3,1,3,2,3,0,3,2,0,,
6149,3,0,4,6,0,2,0,3,0,5,0,3,0,4,0,,
6162,5,1,4,3,4,3,0,3,2,0,0,1,0,0,3,,
6162,1,0,4,5,0,0,3,3,0,0,0,2,0,0,0,,
6163,0,4,3,1,3,0,1,1,2,0,1,2,0,1,0,,
6167,0,0,3,3,0,0,2,0,0,0,2,3,0,0,1,,
6176,0,3,5,1,0,0,6,7,6,5,3,5,4,0,3,,
6181,0,2,0,3,2,0,1,0,1,0,0,0,0,1,0,,
6196,2,4,0,2,0,6,1,6,0,4,0,3,6,0,0,,
6200,4,0,0,0,0,0,0,3,2,0,0,3,1,0,0,,
6211,6,0,0,3,4,3,0,3,1,0,0,2,1,3,0,,
6244,0,4,5,5,1,0,3,0,0,2,0,0,3,0,0,,
6255,0,0,1,2,4,3,0,1,0,1,1,1,0,0,0,,
6258,0,0,0,0,2,0,1,2,0,0,0,2,2,0,2,,
6270,0,3,0,2,0,0,6,5,0,0,0,6,0,1,0,,
6282,0,0,1,0,0,0,0,2,2,0,0,0,0,0,0,,
6293,0,2,1,3,1,0,1,2,2,0,0,0,0,1,2,,
6314,0,0,5,3,4,4,0,2,0,7,5,3,5,0,0,,
6318,0,0,4,4,0,0,1,2,0,0,2,2,3,0,0,,
6320,2,0,3,3,6,1,3,1,2,7,0,3,0,0,0,,
6339,4,4,2,3,2,1,1,0,2,3,0,0,0,0,0,,
6339,0,0,0,4,0,2,3,1,1,2,0,2,2,1,0,,
6351,0,3,0,5,5,0,0,7,4,6,2,1,4,0,1,,
6360,0,0,0,2,4,2,0,0,0,1,2,1,0,3,2,,
6361,0,0,0,2,3,0,0,0,0,0,1,0,2,0,0,,
6379,0,1,5,5,0,2,0,3,3,3,1,1,2,0,2,,
6381,0,0,0,4,1,0,0,3,0,2,2,0,0,0,0,,
6384,0,3,0,5,1,0,6,4,3,0,4,4,1,5,0,,
6405,2,3,0,5,2,1,0,2,0,3,0,3,2,3,3,,
6411,0,0,0,2,0,0,2,1,0,2,0,2,0,0,0,,
6433,0,0,0,2,2,0,0,2,0,0,0,0,0,2,0,,
6453,5,0,0,1,0,0,3,0,2,0,0,1,3,1,0,,
6461,0,3,0,6,0,0,0,5,1,0,0,4,1,0,0,,
6477,0,0,0,6,0,0,0,3,1,7,2,1,5,2,0,,
6486,3,0,0,2,1,0,1,1,0,0,1,1,0,0,0,,
6488,0,3,0,1,2,0,3,1,0,7,4,3,5,5,0,,
6491,1,3,4,3,0,0,2,2,2,0,0,1,2,2,0,,
6501,4,0,3,2,4,2,0,0,0,0,0,3,0,0,0,,
6505,1,0,0,4,0,0,0,1,2,0,0,0,0,2,0,,
6514,0,0,0,5,6,0,0,2,3,0,0,6,3,0,0,,
6517,0,0,4,4,0,3,0,2,3,2,0,2,0,0,5,,
6534,0,0,2,3,2,0,4,5,5,0,3,5,0,3,1,,
6534,0,0,0,6,0,0,0,1,0,7,0,2,0,5,0,,
6549,0,0,0,2,3,0,0,1,0,0,0,3,1,0,0,,
6552,0,0,2,3,0,0,2,3,3,2,1,0,2,0,2,,
6556,0,0,3,0,0,1,0,1,2,0,0,2,0,0,0,,
6572,4,0,0,0,0,0,0,1,0,2,0,0,2,1,0,,
6582,0,2,1,4,5,5,3,0,5,0,4,3,5,2,1,,
6604,0,0,4,1,0,0,1,2,0,0,2,0,1,0,0,,
6607,0,2,4,5,0,0,0,2,1,0,0,6,3,0,1,,
6618,6,0,0,1,3,0,0,1,0,0,0,0,0,1,0,,
6626,0,0,0,5,0,0,6,1,6,4,0,4,1,0,3,,
6631,5,3,2,2,0,1,0,2,0,0,0,1,0,0,0,,
6678,4,0,2,0,0,0,3,1,0,0,0,1,2,0,0,,
6691,3,3,0,4,0,1,0,5,0,2,6,1,0,0,0,,
6713,6,0,4,2,0,3,0,2,1,0,2,1,0,2,1,,
6735,2,0,0,2,2,0,0,2,1,0,1,2,0,1,0,,
6746,0,1,0,2,0,0,0,1,0,1,0,2,0,0,0,,
6762,1,0,0,3,4,4,6,6,1,0,0,3,5,0,0,,
6766,6,0,4,1,0,0,0,2,0,2,0,2,0,0,0,,
6778,6,4,4,3,3,3,0,0,3,2,0,0,2,2,1,,
6781,1,3,0,5,3,0,1,2,0,0,2,1,0,0,0,,
6781,3,1,0,2,0,0,0,6,0,6,4,6,0,0,2,,
6782,0,0,0,4,0,0,0,1,0,2,2,1,0,0,0,,
6788,0,0,0,0,1,0,3,0,0,0,2,0,1,0,0,,
6792,0,5,4,1,1,0,0,2,1,0,0,2,0,0,0,,
6816,0,0,0,4,0,0,5,7,3,3,0,2,0,0,0,,
6818,0,2,3,1,0,0,0,0,2,0,0,0,1,0,0,,
6820,0,6,2,3,2,0,3,3,0,2,1,0,0,0,0,,
6830,4,6,2,3,1,0,0,2,1,0,3,2,0,0,0,,
6834,0,3,0,2,0,0,2,0,0,0,0,0,0,2,1,,
6871,4,3,1,6,0,1,0,5,0,0,3,2,5,0,1,,
6875,0,4,0,0,3,1,0,1,0,1,0,1,1,0,1,,
6887,3,0,2,0,0,1,3,0,0,2,0,2,0,1,2,,
6912,0,0,0,6,0,0,6,1,5,7,1,2,0,6,3,,
6937,0,0,0,5,0,4,4,7,5,6,0,4,0,3,0,,
6954,0,0,3,1,3,1,0,0,0,0,0,2,0,0,0,,
6965,1,0,4,1,3,0,0,5,7,4,3,4,3,4,0,,
6968,5,1,0,4,2,3,3,2,0,0,0,3,3,0,3,,
6970,0,0,4,3,6,1,0,5,0,3,0,3,0,0,1,,
6973,4,0,1,2,0,0,3,2,3,1,0,3,0,2,0,,
6983,0,0,1,1,1,3,2,1,0,0,0,2,0,0,0,,
6985,0,4,0,0,2,3,1,2,0,0,0,2,1,0,1,,
6989,1,0,0,1,0,0,6,0,0,0,0,1,6,0,4,,
7003,0,2,4,3,0,4,0,7,0,0,0,6,2,0,6,,
7006,3,0,4,0,1,0,0,3,3,2,1,1,1,0,3,,
7016,0,0,1,3,3,4,3,0,2,3,0,1,0,0,0,,
7034,0,2,0,1,4,2,3,1,0,2,0,2,0,0,2,,
7041,5,3,0,1,0,0,1,1,0,0,0,2,1,0,0,,
7052,0,0,0,2,0,2,0,0,2,3,2,3,0,0,0,,
7055,0,3,4,1,3,4,0,1,0,2,2,1,0,0,0,,
7059,0,2,0,1,0,0,0,2,2,0,0,1,2,0,0,,
7062,0,0,3,5,0,0,6,1,4,7,1,1,2,2,4,,
7075,0,1,0,0,0,2,0,3,0,1,0,3,0,3,3,,
7092,0,0,0,0,0,2,0,2,0,0,0,2,2,0,1,,
7098,0,0,0,3,2,1,0,0,1,1,0,2,2,0,2,,
7099,0,0,5,0,2,0,0,1,2,2,0,1,0,2,1,,
7111,0,0,3,4,0,1,7,4,0,3,1,3,4,0,0,,
7131,0,5,0,3,3,0,0,1,1,2,0,0,0,0,0,,
7133,0,0,3,3,0,2,0,0,0,0,1,2,0,0,0,,
7139,6,0,0,5,4,4,0,3,0,2,2,1,0,3,3,,
7140,1,5,0,0,0,2,0,1,0,0,2,1,0,0,0,,
7142,3,0,0,4,1,0,1,2,2,0,0,0,0,0,2,,
7143,0,5,0,4,1,0,0,1,2,0,3,2,0,3,1,,
7152,1,2,5,1,0,0,0,1,2,0,1,0,0,1,0,,
7153,0,0,0,1,3,4,0,1,0,0,0,0,0,0,0,,
7167,0,0,5,4,4,0,0,1,1,0,0,2,0,1,2,,
7173,3,0,4,1,0,1,0,3,0,1,3,1,2,1,0,,
7175,2,1,0,5,0,0,0,0,0,0,0,0,0,1,2,,
7175,1,0,2,1,0,2,1,3,3,0,2,3,1,0,0,,
7182,0,0,5,3,4,0,3,5,0,0,3,3,0,5,3,,
7185,4,5,4,2,2,0,0,2,2,1,0,1,0,2,0,,
7200,0,3,0,4,3,0,3,2,0,2,0,0,2,0,0,,
7209,0,0,1,6,4,6,0,2,6,2,3,6,2,0,5,,
7213,0,3,0,4,3,0,1,0,0,0,0,2,0,0,2,,
7227,4,0,0,0,0,0,3,0,0,0,0,3,1,3,0,,
7233,6,0,2,3,2,3,0,3,0,0,0,0,0,1,2,,
7234,0,0,0,2,1,0,3,3,0,2,0,0,0,0,1,,
7239,0,0,3,1,0,0,0,1,2,0,0,2,0,0,0,,
7244,1,2,3,0,0,1,3,0,0,0,3,0,0,2,0,,
7249,0,0,2,1,3,4,0,1,0,0,0,1,1,0,3,,
7256,1,3,0,6,0,0,2,7,0,0,0,2,0,0,3,,
7260,6,1,4,3,3,2,3,1,2,3,0,2,0,1,0,,
7263,3,0,5,3,1,0,0,1,0,2,0,2,0,0,0,,
7293,0,0,0,1,0,3,0,1,3,0,4,4,1,0,6,,
7312,6,0,5,2,3,3,0,3,0,0,0,0,2,0,0,,
7314,0,0,0,0,1,0,0,1,0,0,2,0,1,0,0,,
7317,5,0,0,3,4,0,0,2,0,0,0,0,0,0,0,,
7318,4,0,0,0,0,0,1,1,0,0,0,0,0,0,1,,
7330,0,1,1,3,3,0,1,3,0,0,3,0,0,0,0,,
7337,0,0,1,1,0,0,0,1,0,0,0,1,1,0,0,,
7354,0,4,0,3,4,2,1,2,0,0,0,1,1,0,1,,
7360,0,3,0,0,0,0,0,3,0,1,2,3,2,3,0,,
7361,4,0,5,0,3,0,0,2,1,0,0,1,0,0,0,,
7368,0,2,1,0,2,2,0,1,0,0,0,1,1,1,0,,
7380,0,0,0,3,2,0,2,0,1,2,0,1,0,0,2,,
7382,5,5,0,1,0,4,1,0,2,3,0,2,1,2,0,,
7382,0,0,5,0,0,1,0,0,0,1,1,1,2,2,0,,
7390,0,0,4,2,2,0,1,0,3,3,0,3,1,1,0,,
7404,3,0,0,2,4,0,0,2,0,0,0,2,1,0,0,,
7408,2,0,1,5,3,0,1,2,0,0,1,0,3,0,0,,
7408,0,0,5,3,0,0,0,2,2,2,0,1,0,2,1,,
7414,0,2,0,2,3,0,0,1,0,2,0,2,0,0,0,,
7415,1,0,0,3,1,1,0,2,3,2,0,3,0,0,0,,
7427,0,4,3,2,3,0,0,0,1,0,0,0,3,2,1,,
7430,0,0,0,5,0,0,0,1,3,0,2,3,5,2,6,,
7443,0,3,2,0,0,1,3,1,0,5,5,1,0,4,0,,
7449,0,0,0,4,1,3,0,2,3,0,2,2,0,0,1,,
7461,1,0,1,4,4,3,2,1,0,2,3,1,0,1,3,,
7466,2,1,3,1,2,4,2,1,1,3,1,1,2,0,0,,
7468,4,0,0,4,3,0,0,1,3,1,0,0,0,0,0,,
7487,0,0,0,0,0,0,0,2,0,0,0,0,0,2,0,,
7491,0,5,0,5,2,0,3,1,1,2,0,0,2,3,0,,
7497,0,0,0,0,0,1,0,2,0,0,2,0,0,0,0,,
7518,3,5,0,4,0,2,2,3,0,0,2,2,2,0,3,,
7520,0,0,1,0,0,0,3,7,5,0,2,2,0,0,2,,
7531,0,0,3,2,0,1,3,3,0,0,5,6,0,0,3,,
7531,2,2,2,2,3,4,3,4,0,0,0,3,2,0,4,,
7538,0,0,0,0,0,3,0,2,1,0,1,0,0,0,0,,
7542,5,0,0,1,0,0,1,0,0,0,1,1,1,0,2,,
7543,4,6,0,4,0,1,0,2,0,2,0,0,0,1,0,,
7545,0,4,0,1,0,3,0,1,1,0,0,2,0,2,0,,
7556,1,0,0,1,2,0,1,1,0,2,0,2,0,2,0,,
7577,0,0,0,0,3,0,0,2,0,0,0,1,0,3,0,,
7580,4,2,0,0,1,3,3,0,1,0,0,1,1,3,0,,
7581,6,5,0,4,0,0,1,2,0,1,0,1,0,0,0,,
7592,2,3,2,5,3,0,3,1,2,3,0,1,0,0,3,,
7603,5,2,0,5,0,2,0,0,1,0,0,1,3,1,0,,
7604,4,0,2,0,3,0,6,3,4,5,0,3,1,6,0,,
7616,2,0,0,2,2,2,1,0,3,0,0,0,2,0,0,,
7629,0,0,0,5,0,3,0,2,2,0,0,1,2,0,1,,
7661,2,6,0,0,4,0,0,1,0,1,0,0,0,0,0,,
7670,6,0,0,0,0,2,0,0,0,2,2,3,3,3,2,,
7671,0,0,1,2,4,1,1,2,2,0,0,1,0,0,3,,
7708,0,5,0,3,0,0,0,1,0,0,1,0,0,0,2,,
7710,2,4,0,4,1,1,0,0,2,1,0,0,0,1,0,,
7715,0,2,0,2,0,0,3,3,0,0,3,2,4,0,0,,
7717,0,0,0,2,2,2,0,0,0,0,0,2,2,0,0,,
7718,6,4,0,1,3,0,1,3,2,0,3,0,2,0,3,,
7724,5,2,5,4,2,0,0,2,3,2,0,2,0,1,0,,
7733,3,0,0,0,2,2,0,2,0,0,0,1,2,0,1,,
7755,2,0,0,1,0,1,2,3,1,0,3,2,0,0,0,,
7777,5,0,0,2,3,2,0,2,1,1,2,0,2,1,0,,
7791,4,0,0,3,0,0,0,6,6,0,0,4,0,5,6,,
7821,1,5,0,2,4,0,0,2,2,0,0,1,1,0,2,,
7822,1,0,0,1,1,0,0,2,2,0,0,0,0,1,2,,
7822,0,5,4,4,0,0,2,2,0,0,0,0,0,2,0,,
7823,5,6,3,3,3,0,3,2,1,1,2,1,0,2,0,,
7826,0,2,5,1,1,0,1,2,3,0,0,1,3,2,0,,
7827,0,6,2,5,3,0,0,0,0,2,2,0,3,0,3,,
7838,0,0,0,2,0,3,0,1,6,6,0,2,5,0,0,,
7839,0,0,2,2,4,0,2,1,0,0,0,2,0,0,0,,
7865,0,4,0,4,0,2,5,1,0,6,1,2,0,2,0,,
7868,0,0,2,2,1,0,1,2,1,0,1,0,0,1,2,,
7871,0,0,4,2,0,0,0,1,2,0,5,2,0,6,6,,
7888,0,0,0,1,0,3,0,0,1,0,0,1,0,0,0,,
7895,3,1,0,4,4,3,0,2,3,0,0,0,0,0,0,,
7902,0,1,2,0,0,3,0,1,2,0,0,2,0,0,0,,
7907,0,0,3,0,0,0,0,1,2,1,2,1,0,0,0,,
7921,4,1,1,0,0,0,1,2,0,0,0,2,0,1,0,,
7927,2,3,1,2,2,0,0,2,0,0,2,1,0,1,0,,
7929,5,0,0,4,0,2,3,1,0,0,1,2,0,2,0,,
7936,2,0,2,0,0,0,3,2,1,0,0,2,0,0,0,,
7938,0,0,1,0,0,2,2,0,0,1,0,2,0,0,0,,
7954,0,0,0,5,0,0,1,7,0,2,0,3,1,3,0,,
7984,0,0,3,4,0,4,1,1,3,1,0,2,0,1,1,,
7994,0,0,2,2,0,0,0,3,2,0,2,1,1,0,0,,
7997,4,0,1,2,3,0,0,1,3,3,2,0,1,0,2,,
8001,0,0,0,1,0,0,0,1,0,0,0,2,0,1,0,,
8002,0,3,5,1,0,3,0,1,7,1,1,5,0,0,0,,
8006,0,0,0,2,6,1,0,4,3,0,4,6,6,2,0,,
8021,4,4,0,5,2,2,3,2,0,0,0,1,1,0,1,,
8045,0,0,0,0,0,0,0,2,1,0,0,0,0,0,0,,
8087,0,0,0,0,3,0,0,0,0,2,0,2,0,0,1,,
8089,0,3,0,4,0,0,1,2,2,0,0,2,0,1,0,,
8090,4,6,0,1,1,0,0,2,0,1,0,0,0,0,2,,
8112,0,0,0,6,6,1,0,7,1,0,0,3,0,5,6,,
8114,0,5,2,1,0,3,2,0,1,3,0,0,3,0,0,,
8153,0,3,1,0,0,6,0,3,0,0,0,3,3,1,2,,
8161,0,0,0,0,1,0,0,0,2,0,0,2,0,0,3,,
8195,3,2,5,0,4,0,0,3,5,5,0,4,3,0,4,,
8203,3,0,2,2,6,1,0,2,4,0,3,3,5,0,0,,
8213,0,3,0,3,4,0,3,2,0,0,2,1,0,0,0,,
8219,3,2,0,1,4,3,0,2,0,2,1,0,2,0,0,,
8221,0,5,5,1,3,4,0,2,1,0,3,1,1,2,0,,
8263,0,6,4,3,4,0,0,0,0,0,1,1,0,0,0,,
8266,5,0,2,0,0,3,2,0,1,0,2,0,0,0,0,,
8278,1,0,5,2,6,1,0,1,0,0,0,4,1,5,0,,
8293,0,0,1,5,1,4,0,2,2,0,1,1,0,2,0,,
8297,2,0,0,0,0,1,1,0,1,0,0,3,2,0,0,,
8299,5,0,0,0,0,2,0,0,0,1,0,2,0,0,0,,
8302,0,1,1,2,0,5,0,4,1,1,6,4,0,0,3,,
8313,4,4,0,5,1,1,0,1,1,3,3,1,0,3,0,,
8321,1,0,1,4,0,2,0,1,1,1,1,2,2,0,0,,
8323,0,0,0,2,4,5,0,5,0,0,0,6,2,5,5,,
8333,0,2,3,2,1,3,0,1,0,0,0,2,1,1,2,,
8346,0,0,0,1,0,0,0,3,6,0,0,6,3,0,0,,
8351,0,1,0,3,0,1,0,1,0,3,2,4,0,0,0,,
8358,0,0,5,6,4,4,4,2,0,0,1,3,0,0,0,,
8360,0,2,4,0,2,2,0,3,6,1,0,5,4,6,4,,
8369,2,0,1,4,4,3,3,3,0,1,1,1,0,1,0,,
8373,0,2,0,3,0,1,0,2,1,1,0,0,0,0,0,,
8378,5,0,0,3,4,0,0,1,1,0,2,2,2,2,0,,
8383,3,2,5,3,0,0,3,2,0,2,2,3,0,0,2,,
8384,0,2,5,4,0,6,3,2,1,1,2,1,5,0,0,,
8390,5,2,0,2,3,0,1,1,2,2,0,2,0,0,0,,
8393,3,0,5,1,3,1,0,3,0,0,1,3,0,2,1,,
8408,0,0,3,1,0,0,0,2,2,2,2,2,1,0,2,,
8423,4,0,0,0,2,0,0,2,2,0,0,2,0,0,0,,
8437,0,0,0,1,4,3,0,1,0,1,0,1,1,0,0,,
8457,0,0,0,0,0,0,3,1,1,0,0,1,0,1,2,,
8465,2,5,0,1,0,0,0,3,2,2,0,3,2,0,0,,
8472,6,3,0,2,1,0,0,0,0,0,0,1,0,1,1,,
8472,6,0,5,4,0,0,0,2,0,0,0,0,1,0,1,,
8488,0,2,1,4,0,0,2,0,1,0,2,0,0,1,0,,
8501,0,0,0,0,4,0,0,1,0,3,0,3,2,0,2,,
8510,0,6,0,5,0,0,0,2,2,2,0,2,3,3,0,,
8524,4,0,2,3,3,3,0,0,1,2,0,3,0,0,0,,
8526,1,1,0,4,0,4,6,2,2,0,6,2,5,0,5,,
8555,3,0,0,1,3,0,6,1,0,0,1,3,0,0,1,,
8559,3,3,0,4,0,0,0,4,7,0,3,3,0,0,4,,
8562,3,0,0,0,2,0,1,0,0,1,0,1,0,0,0,,
8563,5,0,0,4,2,2,0,0,0,0,2,0,0,0,0,,
8579,0,0,3,5,0,0,0,7,3,7,6,2,0,0,0,,
8586,0,0,0,0,0,2,0,1,2,0,0,1,2,1,0,,
8607,1,0,1,4,3,2,2,1,0,0,0,1,0,1,0,,
8621,0,0,0,3,1,0,0,2,0,0,1,0,0,0,2,,
8625,0,0,0,5,5,0,0,3,0,6,0,2,0,0,4,,
8634,0,1,3,5,1,3,2,3,1,0,0,2,1,1,0,,
8635,6,0,2,1,0,0,1,2,0,0,0,1,2,1,0,,
8658,5,4,0,2,3,0,2,0,0,0,1,0,1,0,0,,
8663,0,0,0,2,0,1,0,2,0,2,0,2,0,0,0,,
8697,1,0,0,3,0,0,1,1,0,0,1,1,0,0,1,,
8733,3,0,0,3,0,1,0,0,1,0,0,0,0,0,0,,
8737,3,3,3,0,0,0,0,0,6,2,0,2,5,5,4,,
8743,0,0,0,0,0,0,0,3,0,0,2,0,0,0,0,,
8747,0,4,4,1,0,0,0,1,0,0,0,1,3,0,0,,
8748,5,0,1,1,0,0,0,2,0,3,3,3,2,2,0,,
8767,2,6,0,4,0,0,0,3,0,1,1,1,0,0,1,,
8790,0,2,2,4,0,0,0,1,2,0,0,1,0,2,0,,
8792,6,6,0,4,0,0,0,0,2,1,0,2,0,1,0,,
8807,0,3,0,2,0,0,0,2,0,2,6,6,4,0,0,,
8812,0,1,0,2,0,3,0,2,0,2,1,2,0,0,0,,
8819,0,0,0,1,1,0,0,2,0,2,0,1,0,0,2,,
8852,3,0,5,1,0,5,6,7,1,0,0,5,0,2,5,,
8852,6,0,5,4,2,2,1,2,0,0,0,0,0,0,0,,
8854,0,3,0,4,3,4,0,3,2,0,0,1,3,0,1,,
8855,0,4,0,5,1,0,0,2,0,0,2,0,3,0,1,,
8865,0,1,5,1,5,3,0,4,0,1,1,1,0,0,6,,
8867,5,5,3,4,0,4,1,3,0,3,3,3,2,3,0,,
8874,0,1,2,4,2,0,0,1,0,0,0,2,2,3,0,,
8890,0,4,0,1,0,4,0,3,3,2,1,0,0,2,0,,
8900,3,0,5,3,4,0,0,0,0,3,0,1,2,0,0,,
8903,0,0,0,0,3,0,0,1,0,0,0,1,1,0,0,,
8911,3,0,1,4,1,0,0,1,0,0,2,0,1,0,1,,
8941,3,0,0,4,0,0,0,4,4,0,0,6,0,4,3,,
8953,6,6,3,1,0,0,1,1,3,0,0,3,0,2,0,,
8964,2,0,0,2,3,0,0,1,2,0,0,1,1,2,0,,
8996,0,3,2,6,0,0,5,2,0,4,3,4,5,0,0,,
9010,2,3,5,0,0,3,2,2,0,3,0,2,1,0,2,,
9019,2,2,3,0,3,0,0,3,2,1,0,0,0,0,0,,
9020,0,2,3,0,1,0,0,2,3,1,1,0,3,3,2,,
9023,1,0,0,1,3,3,0,0,3,0,0,2,3,2,0,,
9060,5,1,2,2,0,0,0,0,2,0,0,2,2,0,0,,
9072,0,1,0,2,0,0,3,1,0,3,3,0,2,0,0,,
9087,0,1,0,2,1,0,0,3,3,2,3,3,0,2,3,,
9106,2,4,2,3,5,0,3,7,5,0,5,5,5,0,2,,
9107,0,5,0,2,2,0,3,3,2,0,0,2,1,3,0,,
9118,4,0,0,5,3,2,0,4,0,0,0,6,3,0,0,,
9145,0,0,4,2,0,0,1,0,1,2,2,2,1,1,0,,
9147,0,0,0,3,2,3,0,3,0,3,0,2,0,3,1,,
9159,0,3,2,1,0,0,0,4,0,0,4,6,4,6,6,,
9172,2,1,5,4,1,1,1,0,2,0,1,2,0,1,0,,
9177,6,6,0,1,4,4,1,3,0,3,0,2,0,1,2,,
9189,0,0,3,0,3,0,1,2,2,0,0,2,0,0,0,,
9194,2,2,1,0,0,0,0,0,2,0,0,2,0,1,0,,
9214,1,5,0,1,0,2,0,0,0,0,2,2,0,0,1,,
9222,1,0,0,1,3,2,2,0,1,1,1,0,0,0,1,,
9225,0,4,2,1,0,0,3,0,0,0,0,0,0,1,2,,
9228,3,0,0,1,0,1,0,2,1,0,0,0,0,1,0,,
9249,3,0,2,3,0,4,0,2,0,2,0,2,0,0,3,,
9252,2,0,0,4,0,5,2,3,0,0,6,6,2,0,5,,
9276,2,0,5,1,0,0,0,1,3,3,0,1,0,0,0,,
9294,3,0,0,3,5,0,0,3,0,3,0,2,5,5,0,,
9300,4,1,2,1,3,0,0,1,0,3,2,0,1,3,2,,
9303,4,2,2,1,1,0,0,1,0,0,2,0,0,0,3,,
9309,0,6,4,5,0,1,0,0,0,2,0,0,2,2,1,,
9309,0,0,0,2,2,0,2,1,0,0,2,1,1,0,0,,
9309,0,0,0,3,3,1,0,1,1,2,0,0,2,2,0,,
9310,0,2,5,1,3,2,0,1,0,0,2,1,2,1,1,,
9311,0,0,0,4,0,0,0,3,0,0,6,2,0,0,6,,
9318,2,4,4,0,4,0,3,0,0,1,0,1,0,2,0,,
9322,0,0,0,4,2,0,0,3,1,0,2,1,0,2,0,,
9324,0,0,0,4,6,0,7,4,5,2,0,6,0,4,0,,
9331,1,0,0,2,3,0,3,1,1,0,0,0,0,0,0,,
9338,0,0,0,2,0,6,0,2,7,7,6,2,0,0,1,,
9351,5,0,2,4,4,0,2,0,1,2,0,2,0,0,0,,
9362,3,3,1,0,0,0,1,2,0,3,1,2,3,1,0,,
9364,0,1,2,1,4,0,0,1,0,3,0,2,0,0,0,,
9367,0,0,0,4,3,0,4,5,5,3,0,6,6,5,4,,
9371,5,2,3,4,1,1,0,1,0,0,0,1,0,0,1,,
9379,0,0,4,0,4,0,0,1,0,1,0,1,0,0,0,,
9388,0,5,0,3,3,0,0,2,1,2,0,2,2,1,0,,
9395,0,3,0,6,0,0,2,2,4,0,0,3,0,0,0,,
9420,0,0,2,4,2,0,0,1,1,0,2,1,0,0,0,,
9431,0,0,3,2,1,6,0,6,0,0,3,1,0,0,1,,
9433,2,1,0,0,2,4,0,1,1,3,3,0,0,3,0,,
9450,0,4,0,0,0,0,0,1,2,0,0,0,0,0,0,,
9463,0,3,0,3,0,4,6,5,2,0,2,5,1,0,0,,
9472,0,4,1,2,0,3,3,2,2,3,0,3,0,0,1,,
9485,0,0,1,2,1,0,1,0,2,0,0,0,2,0,0,,
9490,4,0,3,1,0,0,0,5,5,0,0,4,4,3,6,,
9495,2,0,1,6,0,1,0,3,0,0,0,1,0,2,0,,
9508,1,4,0,0,0,1,3,2,0,2,0,0,0,0,0,,
9510,0,0,0,5,0,0,0,2,2,0,0,1,2,0,1,,
9513,2,3,4,2,1,0,0,1,2,0,0,0,2,0,0,,
9524,0,5,0,2,1,1,0,1,0,1,1,1,0,0,2,,
9551,0,2,1,0,0,3,0,1,0,0,0,1,1,0,1,,
9554,4,6,2,2,0,3,0,1,0,0,0,2,1,0,2,,
9557,5,0,0,2,0,0,3,2,2,0,0,0,1,0,0,,
9573,6,2,3,5,0,3,1,3,0,0,0,1,3,1,2,,
9577,0,0,4,4,0,1,1,0,0,0,3,1,3,1,1,,
9579,0,0,5,4,0,0,2,0,0,0,0,0,1,0,0,,
9579,4,0,3,0,2,0,0,1,0,0,1,2,2,2,0,,
9597,0,4,1,4,0,0,0,4,0,6,0,3,0,1,0,,
9597,0,0,0,0,2,0,0,0,0,2,0,2,2,0,0,,
9601,0,2,0,2,0,0,0,2,0,0,0,1,0,0,1,,
9601,3,0,0,3,2,0,2,0,0,1,0,0,1,2,0,,
9627,2,2,0,6,4,0,0,5,0,7,2,6,0,0,0,,
9632,0,6,1,2,4,0,1,3,0,0,0,0,1,0,3,,
9648,0,0,1,0,5,0,0,1,7,2,0,1,5,0,4,,
9656,0,0,2,0,0,2,1,2,0,2,0,1,0,1,0,,
9663,0,3,5,5,0,0,3,1,3,0,0,0,0,3,0,,
9672,0,0,1,3,0,0,3,1,0,2,0,1,0,0,0,,
9678,0,5,0,4,1,0,0,1,0,2,2,1,2,0,1,,
9690,4,0,2,4,3,0,2,5,0,4,0,1,2,3,3,,
9695,0,0,0,2,0,0,2,0,0,0,0,0,0,2,2,,
9705,0,6,0,2,3,0,0,2,2,0,0,1,0,1,0,,
9721,0,0,0,2,0,5,2,4,2,5,5,6,0,0,2,,
9722,4,3,1,2,0,2,1,1,1,1,0,1,0,2,0,,
9728,0,0,5,6,0,0,7,1,0,3,5,3,0,1,0,,
9735,0,0,3,0,1,0,0,2,0,0,0,2,0,0,0,,
9754,0,0,3,4,4,0,0,0,0,3,3,1,3,3,0,,
9756,0,1,0,0,0,0,0,3,0,2,3,5,0,0,3,,
9756,3,1,0,5,0,0,0,1,0,4,2,1,6,0,1,,
9760,0,3,0,3,1,0,2,2,5,2,6,1,2,4,6,,
9765,1,0,0,1,0,0,2,6,5,3,0,5,0,4,0,,
9766,0,0,0,3,0,0,3,4,7,1,3,6,2,6,5,,
9778,0,4,0,0,0,0,2,1,1,2,0,2,0,2,0,,
9801,4,0,2,1,0,5,0,3,3,3,6,3,0,4,0,,
9801,0,4,0,2,0,2,0,2,0,2,1,2,2,0,0,,
9812,0,4,2,5,0,3,0,1,3,0,0,3,2,0,1,,
9820,0,0,2,5,4,3,0,2,2,1,0,2,0,3,2,,
9822,0,0,0,2,6,0,0,2,4,2,0,5,5,0,0,,
9824,1,2,0,5,1,0,2,3,0,0,1,0,3,0,0,,
9837,0,3,0,4,0,3,1,1,2,0,2,1,2,1,0,,
9849,4,0,2,4,0,3,2,1,0,0,0,1,5,0,0,,
9849,2,5,4,4,0,1,0,2,0,0,0,2,2,0,0,,
9859,0,4,0,0,0,0,0,1,2,2,0,2,0,0,0,,
9867,3,2,0,2,3,3,0,2,0,0,1,2,3,2,0,,
9871,0,0,0,6,0,0,0,0,0,4,0,2,6,1,5,,
9874,1,6,0,4,0,0,0,2,1,0,0,1,1,0,0,,
9877,6,5,2,5,4,0,0,2,0,0,0,3,0,1,2,,
9897,2,0,0,4,0,0,0,1,1,1,2,0,2,1,0,,