,userid,week 1,week 2,week 3,week 4,week 5,week 6,week 7,week 8,week 9,week 10,week 11,week 12,week 13,week 14,week 15,cohort,sum
0,1101,0,0,4,1,1,0,0,2,0,0,0,1,0,0,1,c,10
1,1105,6,5,3,4,4,2,0,0,1,0,3,3,0,0,1,a,32
2,1109,0,0,4,3,4,0,1,1,0,0,1,0,0,0,0,c,14
3,1118,0,2,3,5,0,0,0,2,1,0,3,3,0,0,0,a,19
4,1135,0,0,4,3,0,3,0,1,0,2,0,1,0,1,2,c,17
5,1149,0,4,1,1,0,4,2,0,2,2,0,0,0,0,0,a,16
6,1151,2,5,3,4,1,1,0,3,0,1,3,3,0,0,0,a,26
7,1154,2,0,5,0,0,0,1,2,2,2,0,0,1,2,0,c,17
8,1162,0,0,2,5,0,0,0,2,0,1,0,1,0,3,3,a,17
9,1164,5,0,3,5,0,0,0,1,0,0,0,0,0,2,0,a,16
10,1175,1,4,4,2,3,0,0,1,3,0,0,0,0,3,0,a,21
11,1190,5,2,2,4,0,0,0,1,1,0,1,1,2,1,1,c,21
12,1193,2,0,0,1,0,1,1,7,1,7,6,3,0,0,6,b,35
13,1203,6,6,0,0,2,3,3,1,3,3,1,3,1,0,1,a,33
14,1206,0,1,0,0,2,0,0,0,0,0,0,0,0,2,3,a,8
15,1235,0,0,0,0,2,0,2,2,1,0,0,2,0,0,0,c,9
16,1242,0,3,2,0,1,4,0,3,3,1,0,3,0,1,0,a,21
17,1244,4,0,0,0,0,0,3,2,0,2,0,1,0,0,0,c,12
18,1267,0,5,0,5,4,4,0,1,0,1,0,3,2,1,3,a,29
19,1267,0,0,0,0,3,3,0,2,0,0,0,0,2,0,0,c,10
20,1268,0,0,3,3,0,5,0,0,0,6,0,1,0,0,2,b,20
21,1271,0,1,0,2,0,1,0,5,7,3,4,5,0,0,3,b,31
22,1297,0,6,1,0,1,0,0,1,0,2,0,1,3,0,3,a,18
23,1299,0,0,0,0,3,3,3,0,1,2,0,0,0,0,0,c,12
24,1304,1,2,5,1,0,4,0,2,0,0,4,1,0,0,0,b,20
25,1313,1,5,5,3,0,0,3,0,0,0,3,2,2,2,0,a,26
26,1313,0,0,3,3,3,0,3,2,3,1,3,1,0,0,0,a,22
27,1316,0,1,0,5,0,1,1,1,0,0,2,2,0,1,0,a,14
28,1324,0,0,5,5,0,0,0,3,4,0,4,5,0,3,0,b,29
29,1338,6,0,3,4,0,0,0,1,2,2,0,0,0,1,2,c,21
30,1340,0,1,4,2,3,0,0,1,0,7,6,4,0,0,0,b,28
31,1342,1,0,5,3,5,4,4,5,6,4,0,4,0,0,0,b,41
32,1343,0,2,0,3,0,0,2,0,2,0,0,2,0,1,0,c,12
33,1344,5,0,0,2,2,0,1,1,2,0,2,3,0,2,0,a,20
34,1359,0,4,4,0,4,6,7,7,0,7,0,4,0,5,0,b,48
35,1370,0,0,5,1,0,3,0,0,0,0,0,2,2,1,0,c,14
36,1381,0,0,3,0,0,4,0,7,0,0,0,2,0,0,6,b,22
37,1397,3,5,0,3,0,3,2,0,3,0,0,3,3,0,2,a,27
38,1400,0,4,0,2,0,0,0,1,3,0,1,3,3,0,3,a,20
39,1404,0,0,4,2,0,0,2,3,0,0,1,1,1,1,0,a,15
40,1422,5,0,0,1,0,0,0,3,0,0,0,2,1,0,0,a,12
41,1424,1,0,0,4,3,1,0,0,0,1,0,0,2,2,0,c,14
42,1425,0,0,0,1,1,0,3,2,0,0,0,2,2,1,0,c,12
43,1436,1,5,1,0,3,0,0,1,0,0,1,1,2,1,0,c,16
44,1442,0,4,0,5,4,0,6,3,6,0,4,3,0,2,0,b,37
45,1448,3,0,0,2,1,0,0,3,1,0,0,0,1,1,0,a,12
46,1450,0,4,0,3,0,1,1,1,0,1,1,2,0,0,2,c,16
47,1454,2,0,0,3,0,0,1,1,0,0,0,1,2,0,0,c,10
48,1462,3,5,0,0,0,2,2,1,0,1,2,2,0,0,1,c,19
49,1470,1,4,0,6,1,0,3,1,0,6,0,5,0,0,6,b,33
50,1479,6,5,4,0,0,1,0,1,0,3,0,1,0,0,0,a,21
51,1487,0,0,0,2,0,2,0,0,0,0,0,1,2,0,0,c,7
52,1489,0,4,0,1,0,0,0,0,0,0,1,0,0,0,2,a,8
53,1505,0,1,0,2,0,2,0,2,1,0,0,2,0,0,2,c,12
54,1511,0,2,0,2,4,0,1,1,0,1,0,1,0,1,0,c,13
55,1512,0,0,0,5,0,0,0,3,0,0,0,0,0,0,0,a,8
56,1519,3,0,0,4,2,0,7,3,0,7,6,5,0,0,3,b,40
57,1569,1,0,0,4,0,0,1,0,0,0,0,0,1,2,0,c,9
58,1603,5,2,0,3,0,3,0,2,0,0,0,3,0,0,1,a,19
59,1607,0,0,5,4,0,0,0,3,0,1,0,1,3,0,0,a,17
60,1616,0,0,0,1,0,0,0,1,0,1,0,0,0,0,2,c,5
61,1623,0,3,0,2,1,2,1,0,2,0,1,1,0,0,0,c,13
62,1629,0,0,1,1,1,3,2,0,0,1,0,2,0,0,0,c,11
63,1635,0,3,0,0,0,0,0,2,0,3,1,3,0,4,4,b,20
64,1637,3,6,5,4,0,0,0,1,2,2,0,1,1,2,0,c,27
65,1658,0,0,0,5,1,0,0,3,0,0,0,6,3,0,0,b,18
66,1674,0,3,0,3,0,0,0,0,0,0,0,0,0,0,0,c,6
67,1686,0,0,3,4,3,0,1,0,0,0,0,2,0,1,0,c,14
68,1687,0,0,0,5,0,3,0,0,0,0,0,1,5,3,0,b,17
69,1692,3,0,5,0,4,0,0,1,0,0,2,2,0,0,2,c,19
70,1695,0,3,0,0,3,0,1,1,1,0,0,1,0,0,1,c,11
71,1705,0,0,0,4,0,0,0,4,6,1,0,2,0,0,0,b,17
72,1711,0,1,1,3,1,2,3,2,0,0,0,2,0,1,1,c,17
73,1741,0,0,0,3,0,0,3,0,0,2,0,0,0,2,3,a,13
74,1750,1,3,0,1,4,0,1,1,0,0,1,0,0,0,0,a,12
75,1764,0,4,0,6,4,0,4,5,0,4,5,4,0,0,4,b,40
76,1769,4,2,0,0,1,0,0,1,1,1,0,1,0,2,0,c,13
77,1787,0,2,0,2,0,3,3,1,0,0,0,2,2,2,0,a,17
78,1787,6,1,1,3,0,0,0,3,0,0,0,0,2,0,0,a,16
79,1787,1,0,4,5,1,4,0,1,0,3,0,3,0,0,3,b,25
80,1815,2,0,0,4,6,0,4,3,0,0,0,4,5,2,0,b,30
81,1816,0,1,0,6,0,4,0,2,0,4,1,4,0,2,0,b,24
82,1820,0,1,2,2,0,0,0,2,2,0,0,2,0,1,0,c,12
83,1834,0,4,0,2,4,0,0,1,2,0,0,0,1,0,0,c,14
84,1841,5,6,0,0,0,2,2,3,0,1,0,0,0,0,0,a,19
85,1846,0,1,0,2,0,0,1,0,2,0,0,1,0,1,0,c,8
86,1850,6,0,0,3,1,1,3,0,0,2,0,1,0,0,0,c,17
87,1852,0,0,2,0,0,0,2,2,1,2,0,0,0,3,2,a,14
88,1856,5,0,3,0,2,0,0,2,0,0,0,2,0,2,0,a,16
89,1879,0,0,0,0,0,1,0,1,0,1,0,2,0,0,1,c,6
90,1882,0,1,1,2,5,0,0,4,6,7,2,2,0,4,0,b,34
91,1884,4,5,3,4,0,0,3,1,2,0,0,0,0,0,0,a,22
92,1897,1,0,0,0,0,1,0,2,6,5,3,3,2,0,5,b,28
93,1907,0,0,0,5,0,0,2,1,3,2,2,5,0,2,6,b,28
94,1927,3,1,0,6,1,3,4,5,0,0,1,1,0,6,0,b,31
95,1943,2,0,0,1,0,3,0,2,2,2,2,0,0,0,0,c,14
96,1950,4,0,0,4,0,0,0,3,0,4,0,5,0,0,6,b,26
97,1956,0,0,0,0,0,4,0,5,4,7,0,5,0,1,0,b,26
98,1961,0,0,4,5,6,4,0,4,1,7,4,5,0,1,5,b,46
99,1962,0,3,5,2,0,0,0,3,1,0,0,1,0,0,0,a,15
100,1966,4,2,5,0,4,0,0,3,0,0,0,2,0,1,1,a,22
101,1980,2,0,2,1,4,0,1,0,0,1,2,1,0,2,0,c,16
102,1993,0,0,0,0,0,0,0,1,0,1,0,1,0,0,0,a,3
103,2000,0,6,0,0,1,0,0,1,2,2,0,2,2,1,2,c,19
104,2004,0,0,0,4,0,0,0,1,2,2,0,0,0,2,0,c,11
105,2013,5,0,1,2,4,0,2,1,0,0,1,1,0,0,0,c,17
106,2026,3,0,0,5,0,0,0,6,0,0,4,2,0,6,0,b,26
107,2043,0,0,0,1,3,1,0,0,2,1,1,2,0,0,2,c,13
108,2045,0,0,0,2,1,0,4,7,0,6,5,4,5,5,0,b,39
109,2055,0,2,1,0,0,2,2,0,2,0,2,0,0,1,0,c,12
110,2066,0,0,0,4,2,0,0,1,0,0,0,0,1,2,2,c,12
111,2069,0,0,0,0,0,0,1,0,2,0,2,2,0,0,0,c,7
112,2073,0,4,2,5,4,3,0,3,1,0,0,1,0,0,3,a,26
113,2073,0,3,0,1,6,5,0,1,7,3,1,6,2,5,3,b,43
114,2077,3,0,0,4,2,0,0,6,1,0,2,6,0,0,1,b,25
115,2097,1,1,0,1,4,2,0,1,2,1,0,1,3,0,1,a,18
116,2100,0,4,3,4,1,4,0,7,0,6,2,2,0,2,0,b,35
117,2100,6,2,4,3,0,3,3,0,1,2,2,0,2,0,0,c,28
118,2136,5,5,5,0,2,0,2,0,0,0,0,3,1,0,0,a,23
119,2138,2,3,0,1,0,0,0,1,1,1,0,2,1,1,0,c,13
120,2145,0,0,5,3,4,1,2,1,0,2,3,3,3,2,2,a,31
121,2157,0,0,0,1,6,0,0,5,0,2,5,4,5,6,0,b,34
122,2159,0,0,0,1,4,0,0,1,1,1,0,2,0,0,2,c,12
123,2164,0,0,0,3,1,0,2,3,0,0,3,3,3,3,1,a,22
124,2180,0,0,0,2,0,1,0,1,1,1,1,0,2,1,0,c,10
125,2180,0,0,5,4,0,1,2,1,1,2,0,2,0,0,2,c,20
126,2183,4,0,3,0,0,3,1,1,1,0,0,1,0,0,2,c,16
127,2193,6,3,0,3,4,3,0,3,0,0,0,3,1,2,0,a,28
128,2211,1,0,0,3,4,2,3,1,1,0,0,0,1,0,0,c,16
129,2222,2,0,0,6,2,4,0,2,2,0,4,2,3,3,5,b,35
130,2228,5,1,4,4,2,2,0,2,2,0,3,1,0,0,0,a,26
131,2241,0,0,0,4,0,3,0,1,0,0,3,2,3,0,0,a,16
132,2248,0,0,4,1,4,2,0,3,0,3,0,1,0,1,0,a,19
133,2257,0,2,5,2,0,2,1,1,0,0,6,2,5,0,0,b,26
134,2263,5,5,4,2,1,1,0,1,0,0,0,1,3,0,1,a,24
135,2271,4,0,4,1,0,0,0,3,0,6,6,1,6,0,0,b,31
136,2277,1,0,5,2,1,1,0,1,1,0,1,1,0,2,0,c,16
137,2280,2,3,4,3,2,0,2,1,0,0,1,0,2,0,0,c,20
138,2283,0,0,0,1,0,1,0,2,0,0,0,2,0,0,0,c,6
139,2285,0,0,1,1,0,2,0,0,0,0,3,0,0,0,3,a,10
140,2297,1,2,0,2,0,1,0,1,2,0,0,1,0,0,0,c,10
141,2311,1,5,0,4,4,0,1,2,0,0,0,1,2,0,2,c,22
142,2323,1,5,3,3,3,2,0,2,0,1,0,2,0,0,0,c,22
143,2329,1,0,0,2,0,0,0,1,0,2,1,0,0,1,0,c,8
144,2346,3,0,1,0,0,0,1,2,0,0,0,0,2,2,1,c,12
145,2347,2,0,5,1,3,0,0,1,3,0,1,0,0,0,0,a,16
146,2353,4,0,4,1,0,0,0,7,4,5,0,6,1,1,3,b,36
147,2354,1,1,0,0,2,4,3,0,3,0,0,2,1,2,3,a,22
148,2354,5,0,2,3,0,1,0,1,0,0,0,2,0,0,0,c,14
149,2375,2,3,0,1,0,0,2,0,0,0,3,3,0,2,0,a,16
150,2392,0,2,4,5,0,0,2,2,0,0,0,2,2,3,0,a,22
151,2398,0,1,1,3,4,0,0,5,0,3,0,1,2,0,0,b,20
152,2407,4,0,0,4,0,0,0,0,2,0,2,0,0,0,0,c,12
153,2424,0,2,0,5,0,4,0,7,1,0,0,5,1,0,0,b,25
154,2430,0,1,4,5,4,1,2,1,1,0,0,1,1,0,3,a,24
155,2435,0,0,2,0,4,0,3,3,0,0,1,1,3,0,0,a,17
156,2445,0,0,0,0,3,1,4,4,1,2,2,2,0,2,1,b,22
157,2446,0,2,4,0,0,4,0,0,0,2,0,2,1,0,0,a,15
158,2470,5,6,3,3,3,4,0,1,0,0,0,3,1,1,1,a,31
159,2471,6,6,0,0,1,0,0,0,2,1,0,0,0,1,0,a,17
160,2482,0,2,0,3,3,3,0,2,3,3,1,1,3,2,0,a,26
161,2482,0,3,0,2,0,0,0,2,0,2,2,1,0,0,1,c,13
162,2489,0,0,5,0,0,3,0,0,0,2,2,1,0,0,0,c,13
163,2494,0,4,0,0,4,0,0,1,2,0,2,1,0,0,0,c,14
164,2494,1,0,0,1,4,1,0,1,0,1,0,2,0,0,0,c,11
165,2511,2,3,2,3,0,2,0,3,1,2,2,2,3,0,3,a,28
166,2525,0,0,0,2,0,0,7,6,7,5,0,3,0,4,0,b,34
167,2542,5,3,0,0,0,3,3,2,0,0,0,0,1,0,1,a,18
168,2547,0,0,0,1,4,3,0,3,1,2,0,5,0,0,3,b,22
169,2561,0,1,0,4,0,2,0,2,2,0,2,1,0,2,0,c,16
170,2570,0,0,0,0,0,0,6,4,1,3,0,2,6,0,0,b,22
171,2591,0,1,0,1,1,1,1,1,1,0,1,3,2,0,0,a,13
172,2602,3,0,4,3,0,2,0,1,1,0,0,2,2,0,0,c,18
173,2603,1,3,0,0,0,0,0,6,0,0,0,3,0,0,1,b,14
174,2622,0,2,0,3,3,0,0,0,0,0,0,1,2,2,0,c,13
175,2623,0,0,3,2,0,0,0,3,6,2,2,4,0,0,1,b,23
176,2625,0,0,0,3,6,0,0,1,0,0,6,1,6,1,4,b,28
177,2632,6,4,4,3,0,1,0,2,0,0,2,1,0,1,0,c,24
178,2634,3,4,2,1,0,1,1,0,0,2,2,0,0,0,0,c,16
179,2636,1,0,1,3,0,1,1,2,1,0,0,1,0,2,0,c,13
180,2645,2,2,2,5,0,0,0,4,0,0,1,3,1,1,0,b,21
181,2650,4,0,0,3,3,2,3,2,2,2,0,1,1,0,1,c,24
182,2653,3,1,3,4,0,4,2,1,0,0,0,3,2,0,0,a,23
183,2689,3,2,0,2,0,0,0,1,1,6,0,5,2,0,0,b,22
184,2695,0,0,0,1,0,4,0,2,3,0,2,2,0,2,2,a,18
185,2715,0,0,0,6,0,0,0,2,0,1,0,5,0,3,0,b,17
186,2725,0,0,5,1,0,3,2,1,0,2,0,1,2,2,0,c,19
187,2729,2,5,0,0,0,0,2,0,0,0,0,0,1,2,0,c,12
188,2732,3,0,0,5,0,3,0,1,1,3,3,3,3,1,2,a,28
189,2741,6,4,3,5,4,4,1,2,0,0,0,0,0,3,3,a,35
190,2751,0,2,0,3,0,0,0,1,0,0,0,2,0,2,0,c,10
191,2755,0,5,1,2,0,2,0,1,0,2,2,0,0,2,0,c,17
192,2762,1,4,2,2,0,0,5,7,0,5,0,4,4,0,0,b,34
193,2764,0,0,3,2,0,0,2,0,0,0,0,1,0,1,0,c,9
194,2770,1,0,3,3,1,0,0,2,1,0,0,0,0,0,0,c,11
195,2771,0,0,2,5,0,0,0,2,6,0,1,2,6,0,0,b,24
196,2775,6,2,5,0,0,0,3,1,3,0,0,1,0,1,0,a,22
197,2793,0,0,0,2,5,6,0,1,0,6,0,6,0,0,0,b,26
198,2810,0,0,0,1,0,0,1,1,2,0,0,1,0,0,0,c,6
199,2820,3,2,5,1,0,2,0,2,0,0,1,1,0,2,0,c,19
200,2825,0,1,0,2,0,2,3,0,0,2,1,0,0,2,0,c,13
201,2829,3,0,5,3,0,0,0,2,0,2,3,0,3,1,0,a,22
202,2843,5,0,1,1,0,0,0,1,3,3,1,0,3,0,3,a,21
203,2850,0,0,0,2,0,2,2,1,2,0,0,4,0,2,0,b,15
204,2871,2,0,0,1,0,0,1,1,0,1,0,1,0,0,0,c,7
205,2876,0,3,0,3,4,2,0,0,0,2,0,3,2,0,0,a,19
206,2878,0,3,1,1,2,0,6,1,0,0,1,4,0,1,4,b,24
207,2885,6,4,0,0,3,3,3,0,1,0,0,0,0,2,2,a,24
208,2899,0,0,4,4,0,3,0,6,7,0,6,6,0,2,6,b,44
209,2906,2,5,0,3,0,0,0,0,0,0,0,1,0,2,2,c,15
210,2908,5,0,0,2,0,0,0,3,0,1,0,0,0,1,0,a,12
211,2916,2,0,2,2,0,2,0,2,3,0,0,1,1,3,0,a,18
212,2923,2,0,0,1,0,0,0,3,1,0,3,2,0,0,0,a,12
213,2929,0,3,5,4,0,0,0,0,0,0,3,2,3,3,3,a,26
214,2941,3,3,5,1,3,0,0,1,0,0,0,2,0,2,1,c,21
215,2953,5,0,0,3,0,0,3,2,1,1,1,1,0,2,0,c,19
216,2956,0,0,0,3,2,2,0,2,1,0,1,1,0,0,1,c,13
217,2961,5,0,4,4,1,2,3,2,1,0,0,0,1,0,0,c,23
218,2984,5,0,0,0,3,0,3,2,1,0,2,2,1,0,0,c,19
219,2995,0,3,0,6,0,2,7,3,0,1,4,6,3,0,5,b,40
220,3006,0,1,4,1,1,0,1,3,1,0,0,0,1,0,0,a,13
221,3016,0,0,0,4,0,0,3,4,0,6,0,2,3,1,0,b,23
222,3018,0,5,4,4,0,1,2,2,2,0,1,2,0,0,0,c,23
223,3053,0,1,1,1,0,6,3,0,0,0,0,5,0,0,0,b,17
224,3061,0,4,0,4,3,3,1,0,2,2,2,0,0,0,0,c,21
225,3063,3,4,0,1,0,0,1,2,2,0,2,1,0,0,0,c,16
226,3078,0,0,0,0,0,0,0,4,0,6,2,4,0,0,6,b,22
227,3080,4,1,0,5,2,0,0,3,3,0,0,2,5,0,5,b,30
228,3094,0,6,4,0,2,0,0,1,0,0,0,2,0,0,0,c,15
229,3106,0,3,0,1,2,0,3,1,0,1,2,1,0,2,0,a,16
230,3107,0,0,0,0,2,4,3,4,7,2,0,4,5,6,0,b,37
231,3113,0,1,3,0,0,0,5,5,0,0,5,1,6,2,1,b,29
232,3127,5,3,4,1,0,2,0,3,0,0,3,0,3,0,1,a,25
233,3131,1,2,0,3,6,1,0,3,4,5,0,1,5,5,0,b,36
234,3135,0,2,1,3,0,0,0,6,7,1,0,2,5,0,0,b,27
235,3151,6,0,0,2,1,3,0,3,0,2,1,1,2,0,2,a,23
236,3154,0,0,4,2,5,0,2,2,3,1,2,1,0,1,0,b,23
237,3168,3,0,5,3,1,3,4,7,0,0,1,3,0,2,0,b,32
238,3183,2,0,2,1,0,0,0,1,3,0,0,2,0,0,1,a,12
239,3201,0,0,5,0,1,4,3,0,0,0,0,3,1,0,0,a,17
240,3249,0,3,0,0,0,0,0,2,0,0,0,2,0,1,0,c,8
241,3260,0,0,4,3,0,1,0,0,0,1,2,1,2,0,0,c,14
242,3263,0,3,0,0,0,0,0,1,0,2,0,0,1,0,0,c,7
243,3279,4,4,2,3,0,2,1,2,0,0,2,1,1,1,1,c,24
244,3281,5,2,3,3,2,0,0,0,1,3,2,2,3,0,0,a,26
245,3281,0,6,0,1,4,1,0,0,3,1,0,2,0,1,0,a,19
246,3298,1,0,2,1,0,0,6,4,0,6,0,6,2,0,3,b,31
247,3301,0,1,1,2,4,0,0,1,0,0,1,1,0,0,0,c,11
248,3311,0,0,1,3,0,1,3,1,2,0,1,1,2,2,1,c,18
249,3317,2,0,1,4,0,4,0,3,0,0,3,3,1,2,1,a,24
250,3319,0,0,1,0,0,2,2,2,0,1,0,1,0,0,2,c,11
251,3347,2,5,0,3,0,0,3,3,1,2,2,3,0,0,0,a,24
252,3357,0,0,2,3,0,6,4,2,0,2,0,2,5,0,0,b,26
253,3357,0,4,3,5,3,0,2,3,1,7,2,2,0,1,2,b,35
254,3367,5,0,0,2,0,0,3,0,1,0,2,2,0,0,0,a,15
255,3375,4,6,0,2,0,0,0,2,2,1,0,0,0,1,0,c,18
256,3382,0,1,4,1,0,0,2,0,0,2,2,1,0,0,0,c,13
257,3399,2,4,1,1,4,0,1,3,0,0,0,2,2,0,1,a,21
258,3408,0,0,0,1,4,0,3,0,2,0,2,1,0,0,1,c,14
259,3409,0,0,0,2,4,2,0,2,1,0,0,2,0,0,1,c,14
260,3421,1,6,0,5,4,0,0,3,0,0,0,0,3,0,0,a,22
261,3425,0,0,0,4,0,0,2,2,5,0,0,3,4,3,5,b,28
262,3433,0,0,3,1,0,0,0,1,0,1,0,2,0,0,0,c,8
263,3451,0,2,5,2,1,0,1,1,0,1,0,1,0,0,0,c,14
264,3451,5,0,0,2,0,0,0,2,2,2,0,1,2,0,0,c,16
265,3453,0,1,5,4,2,2,0,2,2,0,2,1,1,0,0,a,22
266,3460,0,0,0,3,0,0,0,0,0,2,0,1,0,2,0,c,8
267,3469,0,0,1,1,0,0,0,1,0,1,2,0,2,0,1,c,9
268,3478,0,0,1,4,2,2,1,0,2,0,0,2,0,0,0,c,14
269,3502,2,5,5,0,2,0,0,0,0,0,2,0,2,0,0,a,18
270,3515,6,0,5,4,1,0,2,3,0,2,2,1,1,0,2,a,29
271,3517,0,0,0,5,0,4,0,0,3,0,0,3,2,0,0,a,17
272,3529,5,1,0,4,4,0,1,1,0,1,1,2,0,0,0,c,20
273,3532,0,0,0,2,5,5,0,4,0,0,0,6,1,0,0,b,23
274,3536,4,0,4,5,1,0,0,2,0,0,3,1,1,1,0,a,22
275,3544,6,0,0,3,3,0,0,2,0,0,2,2,2,3,2,a,25
276,3550,0,0,0,1,3,5,0,4,0,0,6,4,0,1,2,b,26
277,3559,4,0,0,4,0,0,0,0,0,0,0,1,0,2,0,c,11
278,3567,0,3,0,4,0,0,0,3,0,2,0,0,0,1,2,a,15
279,3570,0,0,3,0,5,3,5,6,5,4,4,4,3,2,0,b,44
280,3577,0,0,3,6,2,0,4,2,6,0,0,5,1,0,5,b,34
281,3577,0,0,0,0,0,0,1,2,1,2,0,0,1,0,2,c,9
282,3580,0,0,0,3,2,0,0,0,2,0,0,2,2,2,0,c,13
283,3584,0,3,4,5,6,0,0,5,0,7,5,3,6,6,0,b,50
284,3593,0,0,1,1,2,0,0,5,7,2,6,5,0,0,2,b,31
285,3600,3,0,3,1,1,1,0,2,3,0,2,3,3,3,0,a,25
286,3601,5,0,2,5,0,1,1,3,1,2,0,3,0,1,0,a,24
287,3607,0,0,5,4,3,4,1,2,3,0,0,2,3,2,0,a,29
288,3608,4,0,5,2,2,1,0,3,2,0,1,2,0,0,0,a,22
289,3608,0,4,0,2,0,3,0,6,4,0,0,6,0,4,0,b,29
290,3613,0,2,4,0,0,0,0,3,1,4,6,6,0,3,0,b,29
291,3627,2,0,0,0,0,0,0,0,0,1,0,2,0,0,0,c,5
292,3632,5,0,0,4,2,0,0,1,2,1,2,0,1,0,0,c,18
293,3633,1,0,0,2,0,0,0,2,2,0,0,1,3,0,1,a,12
294,3637,1,4,0,0,0,3,2,0,2,0,0,2,1,0,0,c,15
295,3638,0,0,3,0,0,0,1,2,0,0,1,1,0,0,0,c,8
296,3652,5,0,0,2,0,3,3,1,0,1,2,2,0,2,0,c,21
297,3669,0,0,5,1,1,2,0,4,0,2,3,1,0,0,3,b,22
298,3671,0,0,0,1,3,3,0,2,1,2,0,1,0,1,1,c,15
299,3675,4,1,4,3,0,0,0,0,2,0,3,3,0,0,1,a,21
300,3677,1,3,0,0,0,3,0,1,0,3,2,1,3,1,0,a,18
301,3681,0,0,0,2,2,3,1,0,0,0,0,1,0,2,0,c,11
302,3686,0,0,2,2,0,3,0,2,0,3,0,3,0,2,3,a,20
303,3701,1,0,5,1,0,0,0,1,2,1,2,1,0,0,0,c,14
304,3734,0,1,4,0,0,0,0,1,3,3,0,1,3,0,0,a,16
305,3741,6,1,1,5,0,2,0,3,0,0,0,3,0,2,2,a,25
306,3743,0,4,2,5,4,4,7,7,0,0,2,4,5,0,0,b,44
307,3746,0,0,5,0,4,3,3,2,0,0,0,0,1,1,0,c,19
308,3754,0,3,0,0,4,3,2,1,0,0,1,2,0,0,2,c,18
309,3760,3,3,1,0,3,0,0,0,3,0,0,3,0,0,3,a,19
310,3780,0,3,0,1,0,0,3,2,0,0,0,2,0,0,2,c,13
311,3782,1,5,1,1,0,0,2,3,3,3,0,3,2,3,0,a,27
312,3783,1,0,0,5,0,5,7,3,7,0,1,2,0,0,0,b,31
313,3787,4,0,0,0,0,2,2,1,1,0,0,1,1,2,0,c,14
314,3804,1,0,0,2,0,0,0,2,4,0,6,6,3,0,2,b,26
315,3811,0,0,0,4,0,0,0,7,0,0,0,6,4,0,6,b,27
316,3814,0,5,1,3,0,0,0,1,0,0,1,1,1,0,2,c,15
317,3828,1,5,5,5,2,0,1,0,2,0,0,0,1,1,0,a,23
318,3828,0,1,0,6,0,0,3,4,0,1,4,6,2,0,0,b,27
319,3829,0,0,2,0,0,2,3,1,0,0,0,3,2,2,0,a,15
320,3869,3,0,0,2,3,0,3,5,5,0,1,1,0,0,2,b,25
321,3874,2,1,5,2,0,0,0,0,1,0,1,0,0,0,1,c,13
322,3889,4,0,0,2,0,2,0,0,0,1,1,2,0,0,0,c,12
323,3889,3,0,4,1,4,3,0,0,1,0,1,1,0,0,2,c,20
324,3900,0,0,3,1,4,0,1,1,0,1,0,3,0,2,1,a,17
325,3919,0,0,4,2,0,0,1,0,0,1,0,1,0,0,0,c,9
326,3927,3,5,5,0,1,3,0,2,2,0,0,0,0,0,0,c,21
327,3929,6,0,4,3,0,0,0,2,0,0,0,2,0,1,0,a,18
328,3965,1,5,3,3,0,0,1,0,3,0,3,1,0,2,0,a,22
329,3977,0,4,0,3,0,0,0,1,0,0,0,3,0,4,0,b,15
330,3981,3,0,2,4,0,1,0,3,0,0,0,3,0,1,2,a,19
331,3981,0,1,0,1,0,0,1,0,2,0,0,3,0,0,0,a,8
332,3983,4,1,0,3,2,0,2,1,1,0,2,1,0,0,2,c,19
333,4007,6,0,0,2,0,0,0,2,3,3,0,3,2,0,2,a,23
334,4014,0,0,0,0,3,3,3,0,0,0,0,2,1,0,0,c,12
335,4028,0,0,0,4,1,2,0,2,0,0,0,1,0,0,2,c,12
336,4038,0,0,4,1,0,0,1,2,0,3,1,2,0,2,0,a,16
337,4038,1,0,4,0,1,2,0,2,3,0,2,3,0,3,0,a,21
338,4050,4,4,0,0,0,3,1,2,2,0,0,1,1,0,0,c,18
339,4051,0,0,2,1,0,5,0,3,0,0,0,5,5,1,6,b,28
340,4077,0,0,3,1,0,0,0,2,0,0,2,1,0,0,0,c,9
341,4085,2,1,0,2,3,0,0,2,0,0,0,3,3,0,3,a,19
342,4115,0,0,0,1,2,3,0,3,2,0,0,0,2,3,0,a,16
343,4138,0,2,0,2,0,0,1,1,1,1,2,3,1,1,2,a,17
344,4141,5,4,4,1,2,0,0,3,0,3,0,3,0,0,0,a,25
345,4149,6,0,0,4,0,0,1,1,1,2,0,1,0,1,0,a,17
346,4157,3,0,0,5,0,2,2,1,0,0,1,2,2,3,2,a,23
347,4171,0,4,2,0,0,4,0,2,2,3,2,1,3,1,0,a,24
348,4177,3,0,0,1,0,5,4,3,4,0,0,6,0,0,0,b,26
349,4200,0,1,0,0,0,2,0,1,0,1,0,2,2,0,0,c,9
350,4202,5,2,1,3,0,0,0,2,0,3,0,1,1,0,0,a,18
351,4230,0,0,3,4,2,1,0,2,0,1,1,3,3,3,2,a,25
352,4235,4,0,0,1,3,0,0,3,0,0,0,1,0,3,0,a,15
353,4242,0,0,2,0,0,0,0,0,0,0,0,1,2,1,0,c,6
354,4248,4,0,3,2,0,2,1,3,0,2,0,2,3,0,2,a,24
355,4286,1,0,4,2,0,4,5,2,0,3,3,6,2,5,0,b,37
356,4295,3,4,0,0,3,2,1,0,0,2,0,1,0,2,1,c,19
357,4297,6,6,3,3,2,0,0,1,0,1,0,1,0,3,1,a,27
358,4300,3,0,1,3,0,0,1,0,0,0,1,1,0,1,2,c,13
359,4312,1,2,0,2,1,0,2,1,2,0,0,0,0,0,0,a,11
360,4323,0,6,2,1,1,0,1,1,1,2,2,3,3,3,2,a,28
361,4326,4,0,0,5,2,4,2,2,0,0,0,0,0,2,0,a,21
362,4340,2,0,3,0,0,4,2,1,1,0,0,3,2,0,0,a,18
363,4348,3,3,0,5,0,0,0,3,0,0,0,2,3,0,0,a,19
364,4351,0,6,2,5,0,2,0,3,2,0,0,1,0,3,0,a,24
365,4355,1,0,3,4,0,0,7,2,2,0,3,4,0,0,0,b,26
366,4359,1,3,3,2,0,0,1,0,0,0,1,1,2,0,0,c,14
367,4366,0,2,4,4,6,1,6,6,0,0,0,5,0,1,2,b,37
368,4397,1,3,0,3,1,2,0,1,1,0,1,2,1,0,2,c,18
369,4410,6,3,0,4,0,0,1,2,0,2,1,1,1,0,1,c,22
370,4422,6,4,4,0,4,2,0,1,1,0,1,1,0,0,0,c,24
371,4425,1,0,0,3,3,0,0,3,0,2,0,1,3,0,2,a,18
372,4433,0,4,0,3,0,0,0,2,2,0,0,0,2,0,2,c,15
373,4452,0,1,1,4,0,0,3,2,0,3,0,2,1,2,1,a,20
374,4452,0,2,3,0,3,0,0,0,0,0,0,2,0,1,0,a,11
375,4481,0,0,1,3,0,2,0,7,0,0,0,6,0,0,0,b,19
376,4494,0,0,4,1,2,0,0,3,1,0,3,3,3,3,2,a,25
377,4500,1,0,3,3,3,0,0,3,0,1,0,0,2,0,0,a,16
378,4512,6,0,1,2,4,2,0,3,3,0,0,0,0,0,0,a,21
379,4540,0,0,3,4,3,0,1,0,0,0,0,0,2,2,0,a,15
380,4546,0,0,5,3,0,2,6,1,0,0,0,2,5,5,0,b,29
381,4572,0,2,3,3,0,4,0,0,0,0,0,2,1,0,3,a,18
382,4576,0,0,0,1,0,3,0,0,1,0,0,0,0,2,0,c,7
383,4578,1,0,1,2,4,0,6,6,4,0,3,3,0,0,0,b,30
384,4582,5,2,5,0,3,0,2,0,0,2,1,0,1,2,0,c,23
385,4587,0,0,3,4,5,0,0,5,0,0,0,4,0,0,4,b,25
386,4595,0,0,0,0,0,1,0,1,0,0,0,0,0,0,0,c,2
387,4597,0,4,3,0,5,3,4,2,2,7,0,3,0,3,0,b,36
388,4610,0,0,0,5,6,6,7,4,0,4,0,1,2,4,0,b,39
389,4626,0,3,0,4,3,0,0,3,6,6,1,3,0,0,6,b,35
390,4627,1,0,3,0,4,0,2,1,0,0,0,2,0,0,0,a,13
391,4637,0,2,3,1,0,0,0,2,2,2,1,1,3,2,2,a,21
392,4642,0,2,0,0,0,0,6,3,0,0,1,5,0,0,3,b,20
393,4645,0,0,0,4,0,5,4,7,0,1,0,2,4,0,0,b,27
394,4648,0,0,0,2,2,4,1,3,3,0,2,3,0,0,0,a,20
395,4654,1,0,0,0,3,1,0,1,0,1,1,1,1,0,0,c,10
396,4654,6,0,1,0,4,3,3,2,1,1,0,0,2,2,2,c,27
397,4657,0,0,1,4,4,0,0,1,0,2,0,0,0,0,0,c,12
398,4661,0,0,4,4,2,0,1,0,2,0,0,2,0,0,0,c,15
399,4671,0,1,0,1,0,0,3,3,2,0,0,3,1,0,1,a,15
400,4680,2,0,0,2,4,0,2,2,3,0,3,2,2,0,0,a,22
401,4699,1,0,0,1,0,2,6,2,0,0,6,1,0,0,0,b,19
402,4712,0,0,0,5,5,0,0,6,3,0,6,6,0,0,0,b,31
403,4730,5,0,0,0,0,0,0,2,3,1,3,0,3,0,0,a,17
404,4731,0,0,5,2,0,0,0,0,2,0,2,2,1,2,0,c,16
405,4732,0,0,1,3,1,1,0,4,7,0,0,1,0,1,4,b,23
406,4732,5,0,0,2,0,3,0,1,1,2,0,1,2,0,0,c,17
407,4744,0,0,0,1,5,0,3,7,0,0,0,5,0,1,2,b,24
408,4756,0,0,4,4,1,1,7,3,0,0,0,4,1,3,0,b,28
409,4759,0,0,1,3,4,2,5,3,0,0,6,1,0,0,0,b,25
410,4764,4,5,4,2,0,3,0,0,0,0,3,0,0,2,0,a,23
411,4769,0,0,0,0,1,0,0,2,1,1,1,0,0,1,0,c,7
412,4773,0,0,0,2,0,1,0,2,0,0,0,1,0,0,0,c,6
413,4785,0,1,1,3,0,3,2,0,0,2,0,2,0,0,0,c,14
414,4794,0,2,0,2,0,0,7,1,2,5,3,1,0,0,0,b,23
415,4797,1,2,0,1,0,0,0,3,0,0,0,1,3,1,0,a,12
416,4799,0,2,5,2,4,0,0,2,0,0,0,2,0,0,0,c,17
417,4809,5,0,3,2,4,0,1,1,0,0,0,1,0,0,2,c,19
418,4811,5,1,0,5,1,4,2,3,0,0,1,2,0,3,0,a,27
419,4813,4,0,0,1,0,0,0,0,2,1,0,1,1,0,0,c,10
420,4814,0,0,4,0,2,0,0,1,0,2,1,3,3,0,0,a,16
421,4819,0,0,2,5,0,2,4,1,3,2,5,1,2,0,5,b,32
422,4822,0,3,0,4,2,2,5,7,0,0,6,5,0,0,3,b,37
423,4824,5,6,5,0,0,0,0,1,3,0,3,1,1,0,0,a,25
424,4824,4,0,4,1,2,3,0,0,2,3,3,1,2,3,0,a,28
425,4826,2,0,0,4,0,0,0,1,0,0,0,2,0,0,0,c,9
426,4839,2,5,1,2,0,0,0,1,2,2,0,2,0,0,0,c,17
427,4863,0,0,0,1,4,0,0,2,0,2,2,1,0,0,0,a,12
428,4863,0,0,0,0,0,0,2,2,1,0,0,0,2,1,0,c,8
429,4876,3,0,4,0,0,1,0,0,0,1,0,2,0,0,0,c,11
430,4909,0,0,0,2,3,0,0,0,0,1,3,1,0,0,0,a,10
431,4914,5,0,0,0,0,2,0,1,0,2,3,0,0,1,0,a,14
432,4972,0,3,2,3,1,0,1,0,0,0,1,0,0,0,0,c,11
433,4973,4,2,1,6,0,2,0,7,3,0,3,4,6,2,0,b,40
434,4985,0,6,0,2,0,0,0,2,1,0,0,2,0,0,0,c,13
435,4993,6,6,2,1,0,3,0,2,0,0,2,2,0,0,0,c,24
436,5006,0,1,0,0,0,0,2,2,0,2,0,1,0,2,2,c,12
437,5024,0,0,0,3,1,5,5,3,3,5,1,6,1,0,0,b,33
438,5028,1,0,4,3,0,0,2,1,0,2,1,1,0,0,0,c,15
439,5029,2,0,5,5,0,4,0,2,0,0,0,2,0,3,0,a,23
440,5033,1,2,0,2,2,0,0,1,2,1,0,1,0,0,2,c,14
441,5051,6,0,0,2,0,0,1,1,0,0,0,2,2,0,0,c,14
442,5052,1,0,3,0,3,4,1,1,0,0,0,0,0,0,0,a,13
443,5052,5,2,5,0,4,0,3,1,0,0,0,2,1,0,2,c,25
444,5054,6,0,0,3,0,0,0,2,0,2,0,0,0,2,0,c,15
445,5060,3,3,0,1,0,0,0,2,0,0,0,1,1,0,1,c,12
446,5077,0,0,0,4,2,1,0,1,2,2,2,0,2,2,2,c,20
447,5082,1,2,0,3,3,2,2,2,1,0,0,0,0,0,0,c,16
448,5114,0,1,0,5,0,0,0,1,0,0,0,0,0,3,1,a,11
449,5123,0,0,3,0,3,0,0,1,0,2,0,0,0,1,3,a,13
450,5142,1,0,4,3,4,0,1,2,1,0,0,0,1,3,0,a,20
451,5157,1,0,0,4,0,2,0,0,0,0,0,0,0,0,0,c,7
452,5159,0,4,0,3,0,0,0,2,0,2,1,1,1,2,1,c,17
453,5192,0,0,1,5,0,0,0,5,0,0,0,4,1,3,3,b,22
454,5211,3,0,0,3,0,0,3,1,0,1,0,0,0,0,0,c,11
455,5220,2,0,0,1,0,1,0,1,6,0,0,1,2,4,4,b,22
456,5224,2,3,3,0,0,1,0,2,0,0,0,1,3,0,0,a,15
457,5225,5,0,0,0,0,0,0,1,0,0,0,1,1,0,2,c,10
458,5226,0,1,2,4,0,0,0,2,1,0,0,4,0,5,0,b,19
459,5235,0,0,0,4,3,1,0,1,0,0,2,1,2,0,0,c,14
460,5236,0,0,4,3,4,0,0,1,1,0,0,1,2,0,0,c,16
461,5244,0,0,0,3,3,2,3,0,2,0,1,2,0,1,0,c,17
462,5255,3,0,3,4,2,2,1,0,3,0,3,3,3,0,1,a,28
463,5259,0,0,0,0,2,0,0,0,1,0,0,2,0,2,0,c,7
464,5265,2,4,0,3,3,0,0,1,0,0,0,2,2,0,0,c,17
465,5270,1,1,0,5,4,4,1,3,3,3,2,2,2,0,1,a,32
466,5288,5,0,5,0,0,2,0,2,0,2,1,1,2,1,2,a,23
467,5288,5,6,2,5,0,0,2,2,1,0,0,1,0,1,0,a,25
468,5291,4,0,1,4,2,0,0,1,2,0,0,0,0,3,2,a,19
469,5305,4,2,0,1,2,1,7,2,0,0,6,6,2,5,5,b,43
470,5307,6,4,0,4,0,0,0,0,1,0,0,0,0,0,0,a,15
471,5310,3,3,0,3,2,0,0,3,0,0,1,0,1,0,3,a,19
472,5313,0,0,4,2,0,0,7,3,0,0,2,6,0,0,2,b,26
473,5314,0,0,0,3,0,3,0,1,1,0,0,0,0,0,0,c,8
474,5331,3,3,0,3,0,3,0,2,3,3,2,2,0,0,2,a,26
475,5332,0,0,0,0,0,2,3,4,0,7,0,2,0,1,0,b,19
476,5344,0,3,0,0,0,0,3,1,0,0,0,3,0,2,0,a,12
477,5347,0,3,1,1,2,1,0,0,0,1,1,0,1,1,0,c,12
478,5349,0,4,3,2,0,0,2,3,0,0,1,3,0,4,5,b,27
479,5357,2,1,0,0,0,0,0,1,0,0,0,3,1,1,0,a,9
480,5379,0,3,0,5,2,4,0,1,0,1,0,2,2,1,1,a,22
481,5379,0,2,4,4,0,0,1,7,0,0,3,2,6,0,3,b,32
482,5381,2,2,5,0,1,0,1,0,1,2,0,2,2,0,0,c,18
483,5382,0,2,5,0,0,3,3,3,3,0,0,3,2,0,3,a,27
484,5383,5,0,0,2,0,0,0,0,1,3,0,1,0,1,1,a,14
485,5385,0,0,5,2,6,0,5,7,0,0,0,3,0,0,4,b,32
486,5391,0,0,3,4,0,0,0,1,0,0,0,1,0,0,0,c,9
487,5393,2,0,0,2,0,0,0,2,3,3,0,2,0,0,0,a,14
488,5395,3,4,0,4,3,0,3,1,0,0,0,1,0,1,0,a,20
489,5402,0,4,4,0,4,0,0,1,1,2,0,0,0,2,0,c,18
490,5413,0,5,4,3,1,0,0,2,0,0,0,2,0,1,0,c,18
491,5416,6,0,3,4,0,3,0,3,2,1,3,2,2,0,2,a,31
492,5418,0,3,0,2,3,2,0,0,0,0,1,1,1,0,0,c,13
493,5424,0,3,0,4,0,6,7,3,1,3,5,2,2,0,5,b,41
494,5428,0,5,0,4,2,2,0,2,0,0,0,2,2,0,0,a,19
495,5429,0,3,0,0,2,2,1,2,2,1,0,2,0,0,0,c,15
496,5448,0,0,0,3,2,4,6,6,1,0,0,5,0,6,0,b,33
497,5461,1,0,0,4,0,1,3,7,5,0,0,3,0,4,0,b,28
498,5465,2,0,0,5,3,2,0,2,0,3,0,2,1,0,3,a,23
499,5472,0,0,4,3,2,0,3,0,3,1,2,3,3,0,0,a,24
500,5473,4,0,2,4,2,0,0,0,0,2,1,1,1,0,0,c,17
501,5476,3,2,4,2,0,2,0,0,0,2,5,5,0,0,1,b,26
502,5492,0,0,1,0,5,3,3,7,3,3,1,3,0,0,0,b,29
503,5494,3,0,0,5,0,3,0,4,1,0,6,6,5,4,4,b,41
504,5501,4,0,1,1,0,0,0,6,5,3,0,4,0,0,0,b,24
505,5502,3,1,4,5,0,5,0,6,0,7,5,6,3,4,0,b,49
506,5504,0,0,0,4,0,0,2,0,2,1,0,3,0,0,1,a,13
507,5510,0,5,0,0,0,0,0,2,1,0,2,0,1,1,0,c,12
508,5518,3,0,0,4,2,3,0,3,1,3,0,0,3,0,3,a,25
509,5518,0,6,5,0,0,0,2,1,0,2,0,1,2,1,0,c,20
510,5532,4,0,5,3,0,0,0,0,1,0,0,0,0,1,0,c,14
511,5545,5,6,3,0,2,3,0,2,3,1,3,3,1,1,1,a,34
512,5550,0,0,0,3,0,0,0,5,6,0,0,1,6,0,0,b,21
513,5559,2,0,0,1,1,0,0,1,2,0,0,2,0,3,1,a,13
514,5567,0,4,3,4,3,4,2,1,2,2,1,2,0,0,0,a,28
515,5580,0,0,2,6,0,6,5,7,0,2,0,1,0,0,0,b,29
516,5582,1,0,0,1,0,1,1,1,0,0,0,0,0,0,1,c,6
517,5600,4,2,4,4,6,0,7,5,0,0,0,1,0,0,1,b,34
518,5606,0,0,5,0,4,2,0,1,1,0,1,2,0,0,1,c,17
519,5610,6,0,0,1,1,1,2,1,2,0,2,0,0,0,0,c,16
520,5615,1,0,2,4,0,0,3,1,0,0,0,1,0,0,0,c,12
521,5627,6,6,0,0,2,0,2,0,0,0,0,2,0,3,0,a,21
522,5629,0,1,4,0,0,3,0,3,0,0,0,0,0,0,0,a,11
523,5629,2,0,0,1,0,0,0,1,0,0,0,0,0,2,1,c,7
524,5630,0,1,0,2,2,0,7,4,0,0,3,6,2,3,1,b,31
525,5632,0,0,3,4,6,0,4,6,0,1,0,3,0,0,0,b,27
526,5641,0,0,1,2,3,0,0,2,0,0,0,0,2,0,0,a,10
527,5649,2,0,0,5,0,3,3,1,0,2,2,0,0,3,0,a,21
528,5653,0,3,5,0,0,3,2,0,0,0,0,2,1,1,2,c,19
529,5655,0,3,0,1,0,0,3,2,0,0,0,0,0,0,2,c,11
530,5663,0,0,1,2,1,0,2,1,3,0,2,1,0,3,0,a,16
531,5664,3,0,1,5,0,2,2,0,0,3,0,3,0,0,0,a,19
532,5679,6,1,2,0,1,0,0,3,0,0,0,0,0,1,0,a,14
533,5680,0,0,5,1,0,0,3,2,1,0,0,1,2,1,0,c,16
534,5682,0,0,0,1,0,2,0,0,2,0,1,0,0,0,0,c,6
535,5688,0,1,4,3,0,0,1,2,0,0,0,2,0,0,0,a,13
536,5692,0,2,0,5,1,0,0,2,5,0,0,6,0,0,5,b,26
537,5701,5,3,0,3,1,0,0,0,1,2,2,2,0,0,1,c,20
538,5711,2,0,0,2,5,6,0,2,5,0,0,5,0,0,6,b,33
539,5715,3,1,0,3,0,0,0,7,1,0,0,6,0,4,1,b,26
540,5715,0,5,0,0,0,2,0,0,1,0,0,0,0,2,0,c,10
541,5717,0,0,0,0,0,0,0,0,1,0,0,1,0,0,0,c,2
542,5745,5,0,0,4,0,2,0,1,0,0,0,2,0,1,0,c,15
543,5750,0,3,0,3,3,3,0,2,3,3,0,3,1,0,0,a,24
544,5753,0,0,0,0,2,0,0,5,0,2,0,1,0,0,0,b,10
545,5764,4,0,1,3,0,2,3,4,1,0,0,4,3,0,5,b,30
546,5770,3,0,0,3,4,3,0,2,1,0,0,1,0,0,1,c,18
547,5786,0,0,0,0,1,0,0,1,2,0,1,2,2,2,2,c,13
548,5787,5,4,0,5,0,1,1,0,0,0,0,3,1,0,0,a,20
549,5818,6,1,4,5,3,0,0,1,1,2,1,1,0,0,1,a,26
550,5833,4,3,1,4,0,0,0,0,1,0,1,1,0,0,0,c,15
551,5848,0,4,0,6,0,4,3,3,4,3,6,2,1,0,0,b,36
552,5855,0,3,1,5,3,0,6,4,7,1,0,2,0,0,5,b,37
553,5863,4,0,0,4,6,0,0,6,3,3,0,2,6,0,5,b,39
554,5870,5,5,4,1,1,2,3,1,0,1,1,3,0,2,1,a,30
555,5891,0,0,0,4,0,0,5,5,7,6,3,2,3,4,0,b,39
556,5894,2,0,1,2,2,0,0,1,3,0,0,3,3,3,1,a,21
557,5900,0,1,0,2,2,3,3,2,0,0,0,0,2,0,2,c,17
558,5904,0,1,3,3,1,3,0,1,0,0,0,0,1,2,2,c,17
559,5919,0,2,1,5,0,0,0,3,3,3,0,0,0,0,0,a,17
560,5929,1,0,0,6,3,0,0,2,0,2,0,1,0,0,0,b,15
561,5930,0,0,0,4,2,0,0,7,2,7,0,5,0,3,0,b,30
562,5937,0,0,0,2,0,0,0,0,0,2,1,0,2,1,0,c,8
563,5953,4,0,0,0,0,3,0,1,1,1,1,1,0,0,0,c,12
564,5959,0,3,3,1,0,0,0,1,0,0,0,5,2,3,6,b,24
565,5961,0,0,2,1,3,6,1,4,7,4,5,1,4,5,2,b,45
566,5961,0,3,0,2,0,0,0,2,0,0,2,2,0,0,2,c,13
567,5967,0,0,2,0,4,2,1,1,0,0,0,2,0,0,1,c,13
568,5976,1,0,0,2,0,2,0,1,0,0,0,2,0,1,0,c,9
569,5977,0,0,0,1,0,3,0,2,0,0,0,0,0,2,0,c,8
570,5983,3,0,0,6,3,0,0,1,0,3,0,3,0,0,4,b,23
571,5991,0,0,0,1,3,0,0,1,0,0,3,6,0,6,0,b,20
572,5991,0,0,5,0,2,3,2,0,0,2,0,2,0,1,2,c,19
573,5992,4,0,0,2,1,0,0,0,0,1,0,0,0,0,0,a,8
574,6000,2,5,1,1,1,2,1,2,0,0,0,0,0,0,0,c,15
575,6013,3,1,0,5,0,0,0,0,1,3,0,1,0,0,0,a,14
576,6015,0,0,4,4,0,0,0,0,1,2,0,2,2,1,0,c,16
577,6025,2,0,5,4,0,3,1,0,0,0,0,1,2,0,2,c,20
578,6027,5,0,2,2,0,0,3,1,1,0,0,0,0,1,0,c,15
579,6030,0,0,0,2,0,0,2,0,0,0,2,0,1,0,0,c,7
580,6047,5,0,5,0,0,0,0,1,0,0,0,0,0,0,0,c,11
581,6054,2,4,1,2,4,0,0,0,2,0,2,2,1,0,0,c,20
582,6062,0,0,5,1,1,0,1,1,0,1,0,1,0,0,1,c,12
583,6078,0,3,0,3,3,0,0,0,0,2,2,1,0,0,2,c,16
584,6082,4,3,0,2,2,0,0,2,3,0,0,3,0,0,3,a,22
585,6082,4,3,0,6,0,5,7,1,7,0,0,3,6,0,6,b,48
586,6083,2,0,0,3,3,0,3,2,0,0,0,2,0,1,1,c,17
587,6085,0,0,3,1,4,1,2,0,2,0,1,0,0,0,0,c,14
588,6104,0,0,2,0,3,0,0,0,1,0,2,0,0,0,0,c,8
589,6117,0,0,0,4,0,2,0,0,0,0,2,1,2,1,0,c,12
590,6129,4,1,3,0,4,0,1,0,0,0,0,2,0,0,0,c,15
591,6132,0,1,0,2,0,3,0,0,0,0,2,1,0,0,1,c,10
592,6134,0,3,4,1,0,0,0,1,1,0,6,2,0,1,0,b,19
593,6137,1,4,0,3,0,0,0,1,0,1,1,1,0,0,0,c,12
594,6139,0,0,0,3,4,1,7,1,5,2,4,4,1,0,4,b,36
595,6141,3,5,3,0,3,0,1,0,0,0,2,1,0,0,0,c,18
596,6142,5,0,0,3,0,2,3,1,3,2,3,0,3,2,0,a,27
597,6149,3,0,4,6,0,2,0,3,0,5,0,3,0,4,0,b,30
598,6162,5,1,4,3,4,3,0,3,2,0,0,1,0,0,3,a,29
599,6162,1,0,4,5,0,0,3,3,0,0,0,2,0,0,0,a,18
600,6163,0,4,3,1,3,0,1,1,2,0,1,2,0,1,0,c,19
601,6167,0,0,3,3,0,0,2,0,0,0,2,3,0,0,1,a,14
602,6176,0,3,5,1,0,0,6,7,6,5,3,5,4,0,3,b,48
603,6181,0,2,0,3,2,0,1,0,1,0,0,0,0,1,0,a,10
604,6196,2,4,0,2,0,6,1,6,0,4,0,3,6,0,0,b,34
605,6200,4,0,0,0,0,0,0,3,2,0,0,3,1,0,0,a,13
606,6211,6,0,0,3,4,3,0,3,1,0,0,2,1,3,0,a,26
607,6244,0,4,5,5,1,0,3,0,0,2,0,0,3,0,0,a,23
608,6255,0,0,1,2,4,3,0,1,0,1,1,1,0,0,0,c,14
609,6258,0,0,0,0,2,0,1,2,0,0,0,2,2,0,2,c,11
610,6270,0,3,0,2,0,0,6,5,0,0,0,6,0,1,0,b,23
611,6282,0,0,1,0,0,0,0,2,2,0,0,0,0,0,0,c,5
612,6293,0,2,1,3,1,0,1,2,2,0,0,0,0,1,2,c,15
613,6314,0,0,5,3,4,4,0,2,0,7,5,3,5,0,0,b,38
614,6318,0,0,4,4,0,0,1,2,0,0,2,2,3,0,0,a,18
615,6320,2,0,3,3,6,1,3,1,2,7,0,3,0,0,0,b,31
616,6339,4,4,2,3,2,1,1,0,2,3,0,0,0,0,0,a,22
617,6339,0,0,0,4,0,2,3,1,1,2,0,2,2,1,0,c,18
618,6351,0,3,0,5,5,0,0,7,4,6,2,1,4,0,1,b,38
619,6360,0,0,0,2,4,2,0,0,0,1,2,1,0,3,2,a,17
620,6361,0,0,0,2,3,0,0,0,0,0,1,0,2,0,0,c,8
621,6379,0,1,5,5,0,2,0,3,3,3,1,1,2,0,2,a,28
622,6381,0,0,0,4,1,0,0,3,0,2,2,0,0,0,0,a,12
623,6384,0,3,0,5,1,0,6,4,3,0,4,4,1,5,0,b,36
624,6405,2,3,0,5,2,1,0,2,0,3,0,3,2,3,3,a,29
625,6411,0,0,0,2,0,0,2,1,0,2,0,2,0,0,0,c,9
626,6433,0,0,0,2,2,0,0,2,0,0,0,0,0,2,0,c,8
627,6453,5,0,0,1,0,0,3,0,2,0,0,1,3,1,0,a,16
628,6461,0,3,0,6,0,0,0,5,1,0,0,4,1,0,0,b,20
629,6477,0,0,0,6,0,0,0,3,1,7,2,1,5,2,0,b,27
630,6486,3,0,0,2,1,0,1,1,0,0,1,1,0,0,0,c,10
631,6488,0,3,0,1,2,0,3,1,0,7,4,3,5,5,0,b,34
632,6491,1,3,4,3,0,0,2,2,2,0,0,1,2,2,0,c,22
633,6501,4,0,3,2,4,2,0,0,0,0,0,3,0,0,0,a,18
634,6505,1,0,0,4,0,0,0,1,2,0,0,0,0,2,0,c,10
635,6514,0,0,0,5,6,0,0,2,3,0,0,6,3,0,0,b,25
636,6517,0,0,4,4,0,3,0,2,3,2,0,2,0,0,5,b,25
637,6534,0,0,2,3,2,0,4,5,5,0,3,5,0,3,1,b,33
638,6534,0,0,0,6,0,0,0,1,0,7,0,2,0,5,0,b,21
639,6549,0,0,0,2,3,0,0,1,0,0,0,3,1,0,0,a,10
640,6552,0,0,2,3,0,0,2,3,3,2,1,0,2,0,2,a,20
641,6556,0,0,3,0,0,1,0,1,2,0,0,2,0,0,0,c,9
642,6572,4,0,0,0,0,0,0,1,0,2,0,0,2,1,0,c,10
643,6582,0,2,1,4,5,5,3,0,5,0,4,3,5,2,1,b,40
644,6604,0,0,4,1,0,0,1,2,0,0,2,0,1,0,0,c,11
645,6607,0,2,4,5,0,0,0,2,1,0,0,6,3,0,1,b,24
646,6618,6,0,0,1,3,0,0,1,0,0,0,0,0,1,0,c,12
647,6626,0,0,0,5,0,0,6,1,6,4,0,4,1,0,3,b,30
648,6631,5,3,2,2,0,1,0,2,0,0,0,1,0,0,0,c,16
649,6678,4,0,2,0,0,0,3,1,0,0,0,1,2,0,0,c,13
650,6691,3,3,0,4,0,1,0,5,0,2,6,1,0,0,0,b,25
651,6713,6,0,4,2,0,3,0,2,1,0,2,1,0,2,1,c,24
652,6735,2,0,0,2,2,0,0,2,1,0,1,2,0,1,0,c,13
653,6746,0,1,0,2,0,0,0,1,0,1,0,2,0,0,0,a,7
654,6762,1,0,0,3,4,4,6,6,1,0,0,3,5,0,0,b,33
655,6766,6,0,4,1,0,0,0,2,0,2,0,2,0,0,0,a,17
656,6778,6,4,4,3,3,3,0,0,3,2,0,0,2,2,1,a,33
657,6781,1,3,0,5,3,0,1,2,0,0,2,1,0,0,0,a,18
658,6781,3,1,0,2,0,0,0,6,0,6,4,6,0,0,2,b,30
659,6782,0,0,0,4,0,0,0,1,0,2,2,1,0,0,0,c,10
660,6788,0,0,0,0,1,0,3,0,0,0,2,0,1,0,0,c,7
661,6792,0,5,4,1,1,0,0,2,1,0,0,2,0,0,0,c,16
662,6816,0,0,0,4,0,0,5,7,3,3,0,2,0,0,0,b,24
663,6818,0,2,3,1,0,0,0,0,2,0,0,0,1,0,0,c,9
664,6820,0,6,2,3,2,0,3,3,0,2,1,0,0,0,0,a,22
665,6830,4,6,2,3,1,0,0,2,1,0,3,2,0,0,0,a,24
666,6834,0,3,0,2,0,0,2,0,0,0,0,0,0,2,1,c,10
667,6871,4,3,1,6,0,1,0,5,0,0,3,2,5,0,1,b,31
668,6875,0,4,0,0,3,1,0,1,0,1,0,1,1,0,1,c,13
669,6887,3,0,2,0,0,1,3,0,0,2,0,2,0,1,2,c,16
670,6912,0,0,0,6,0,0,6,1,5,7,1,2,0,6,3,b,37
671,6937,0,0,0,5,0,4,4,7,5,6,0,4,0,3,0,b,38
672,6954,0,0,3,1,3,1,0,0,0,0,0,2,0,0,0,c,10
673,6965,1,0,4,1,3,0,0,5,7,4,3,4,3,4,0,b,39
674,6968,5,1,0,4,2,3,3,2,0,0,0,3,3,0,3,a,29
675,6970,0,0,4,3,6,1,0,5,0,3,0,3,0,0,1,b,26
676,6973,4,0,1,2,0,0,3,2,3,1,0,3,0,2,0,a,21
677,6983,0,0,1,1,1,3,2,1,0,0,0,2,0,0,0,c,11
678,6985,0,4,0,0,2,3,1,2,0,0,0,2,1,0,1,c,16
679,6989,1,0,0,1,0,0,6,0,0,0,0,1,6,0,4,b,19
680,7003,0,2,4,3,0,4,0,7,0,0,0,6,2,0,6,b,34
681,7006,3,0,4,0,1,0,0,3,3,2,1,1,1,0,3,a,22
682,7016,0,0,1,3,3,4,3,0,2,3,0,1,0,0,0,a,20
683,7034,0,2,0,1,4,2,3,1,0,2,0,2,0,0,2,a,19
684,7041,5,3,0,1,0,0,1,1,0,0,0,2,1,0,0,c,14
685,7052,0,0,0,2,0,2,0,0,2,3,2,3,0,0,0,a,14
686,7055,0,3,4,1,3,4,0,1,0,2,2,1,0,0,0,a,21
687,7059,0,2,0,1,0,0,0,2,2,0,0,1,2,0,0,a,10
688,7062,0,0,3,5,0,0,6,1,4,7,1,1,2,2,4,b,36
689,7075,0,1,0,0,0,2,0,3,0,1,0,3,0,3,3,a,16
690,7092,0,0,0,0,0,2,0,2,0,0,0,2,2,0,1,c,9
691,7098,0,0,0,3,2,1,0,0,1,1,0,2,2,0,2,c,14
692,7099,0,0,5,0,2,0,0,1,2,2,0,1,0,2,1,c,16
693,7111,0,0,3,4,0,1,7,4,0,3,1,3,4,0,0,b,30
694,7131,0,5,0,3,3,0,0,1,1,2,0,0,0,0,0,c,15
695,7133,0,0,3,3,0,2,0,0,0,0,1,2,0,0,0,c,11
696,7139,6,0,0,5,4,4,0,3,0,2,2,1,0,3,3,a,33
697,7140,1,5,0,0,0,2,0,1,0,0,2,1,0,0,0,a,12
698,7142,3,0,0,4,1,0,1,2,2,0,0,0,0,0,2,a,15
699,7143,0,5,0,4,1,0,0,1,2,0,3,2,0,3,1,a,22
700,7152,1,2,5,1,0,0,0,1,2,0,1,0,0,1,0,c,14
701,7153,0,0,0,1,3,4,0,1,0,0,0,0,0,0,0,a,9
702,7167,0,0,5,4,4,0,0,1,1,0,0,2,0,1,2,c,20
703,7173,3,0,4,1,0,1,0,3,0,1,3,1,2,1,0,a,20
704,7175,2,1,0,5,0,0,0,0,0,0,0,0,0,1,2,a,11
705,7175,1,0,2,1,0,2,1,3,3,0,2,3,1,0,0,a,19
706,7182,0,0,5,3,4,0,3,5,0,0,3,3,0,5,3,b,34
707,7185,4,5,4,2,2,0,0,2,2,1,0,1,0,2,0,c,25
708,7200,0,3,0,4,3,0,3,2,0,2,0,0,2,0,0,c,19
709,7209,0,0,1,6,4,6,0,2,6,2,3,6,2,0,5,b,43
710,7213,0,3,0,4,3,0,1,0,0,0,0,2,0,0,2,c,15
711,7227,4,0,0,0,0,0,3,0,0,0,0,3,1,3,0,a,14
712,7233,6,0,2,3,2,3,0,3,0,0,0,0,0,1,2,a,22
713,7234,0,0,0,2,1,0,3,3,0,2,0,0,0,0,1,a,12
714,7239,0,0,3,1,0,0,0,1,2,0,0,2,0,0,0,c,9
715,7244,1,2,3,0,0,1,3,0,0,0,3,0,0,2,0,a,15
716,7249,0,0,2,1,3,4,0,1,0,0,0,1,1,0,3,a,16
717,7256,1,3,0,6,0,0,2,7,0,0,0,2,0,0,3,b,24
718,7260,6,1,4,3,3,2,3,1,2,3,0,2,0,1,0,a,31
719,7263,3,0,5,3,1,0,0,1,0,2,0,2,0,0,0,a,17
720,7293,0,0,0,1,0,3,0,1,3,0,4,4,1,0,6,b,23
721,7312,6,0,5,2,3,3,0,3,0,0,0,0,2,0,0,a,24
722,7314,0,0,0,0,1,0,0,1,0,0,2,0,1,0,0,c,5
723,7317,5,0,0,3,4,0,0,2,0,0,0,0,0,0,0,c,14
724,7318,4,0,0,0,0,0,1,1,0,0,0,0,0,0,1,c,7
725,7330,0,1,1,3,3,0,1,3,0,0,3,0,0,0,0,a,15
726,7337,0,0,1,1,0,0,0,1,0,0,0,1,1,0,0,c,5
727,7354,0,4,0,3,4,2,1,2,0,0,0,1,1,0,1,c,19
728,7360,0,3,0,0,0,0,0,3,0,1,2,3,2,3,0,a,17
729,7361,4,0,5,0,3,0,0,2,1,0,0,1,0,0,0,c,16
730,7368,0,2,1,0,2,2,0,1,0,0,0,1,1,1,0,c,11
731,7380,0,0,0,3,2,0,2,0,1,2,0,1,0,0,2,c,13
732,7382,5,5,0,1,0,4,1,0,2,3,0,2,1,2,0,a,26
733,7382,0,0,5,0,0,1,0,0,0,1,1,1,2,2,0,c,13
734,7390,0,0,4,2,2,0,1,0,3,3,0,3,1,1,0,a,20
735,7404,3,0,0,2,4,0,0,2,0,0,0,2,1,0,0,c,14
736,7408,2,0,1,5,3,0,1,2,0,0,1,0,3,0,0,a,18
737,7408,0,0,5,3,0,0,0,2,2,2,0,1,0,2,1,c,18
738,7414,0,2,0,2,3,0,0,1,0,2,0,2,0,0,0,a,12
739,7415,1,0,0,3,1,1,0,2,3,2,0,3,0,0,0,a,16
740,7427,0,4,3,2,3,0,0,0,1,0,0,0,3,2,1,a,19
741,7430,0,0,0,5,0,0,0,1,3,0,2,3,5,2,6,b,27
742,7443,0,3,2,0,0,1,3,1,0,5,5,1,0,4,0,b,25
743,7449,0,0,0,4,1,3,0,2,3,0,2,2,0,0,1,a,18
744,7461,1,0,1,4,4,3,2,1,0,2,3,1,0,1,3,a,26
745,7466,2,1,3,1,2,4,2,1,1,3,1,1,2,0,0,a,24
746,7468,4,0,0,4,3,0,0,1,3,1,0,0,0,0,0,a,16
747,7487,0,0,0,0,0,0,0,2,0,0,0,0,0,2,0,c,4
748,7491,0,5,0,5,2,0,3,1,1,2,0,0,2,3,0,a,24
749,7497,0,0,0,0,0,1,0,2,0,0,2,0,0,0,0,c,5
750,7518,3,5,0,4,0,2,2,3,0,0,2,2,2,0,3,a,28
751,7520,0,0,1,0,0,0,3,7,5,0,2,2,0,0,2,b,22
752,7531,0,0,3,2,0,1,3,3,0,0,5,6,0,0,3,b,26
753,7531,2,2,2,2,3,4,3,4,0,0,0,3,2,0,4,b,31
754,7538,0,0,0,0,0,3,0,2,1,0,1,0,0,0,0,c,7
755,7542,5,0,0,1,0,0,1,0,0,0,1,1,1,0,2,a,12
756,7543,4,6,0,4,0,1,0,2,0,2,0,0,0,1,0,c,20
757,7545,0,4,0,1,0,3,0,1,1,0,0,2,0,2,0,c,14
758,7556,1,0,0,1,2,0,1,1,0,2,0,2,0,2,0,c,12
759,7577,0,0,0,0,3,0,0,2,0,0,0,1,0,3,0,a,9
760,7580,4,2,0,0,1,3,3,0,1,0,0,1,1,3,0,a,19
761,7581,6,5,0,4,0,0,1,2,0,1,0,1,0,0,0,c,20
762,7592,2,3,2,5,3,0,3,1,2,3,0,1,0,0,3,a,28
763,7603,5,2,0,5,0,2,0,0,1,0,0,1,3,1,0,a,20
764,7604,4,0,2,0,3,0,6,3,4,5,0,3,1,6,0,b,37
765,7616,2,0,0,2,2,2,1,0,3,0,0,0,2,0,0,a,14
766,7629,0,0,0,5,0,3,0,2,2,0,0,1,2,0,1,a,16
767,7661,2,6,0,0,4,0,0,1,0,1,0,0,0,0,0,c,14
768,7670,6,0,0,0,0,2,0,0,0,2,2,3,3,3,2,a,23
769,7671,0,0,1,2,4,1,1,2,2,0,0,1,0,0,3,a,17
770,7708,0,5,0,3,0,0,0,1,0,0,1,0,0,0,2,c,12
771,7710,2,4,0,4,1,1,0,0,2,1,0,0,0,1,0,c,16
772,7715,0,2,0,2,0,0,3,3,0,0,3,2,4,0,0,b,19
773,7717,0,0,0,2,2,2,0,0,0,0,0,2,2,0,0,c,10
774,7718,6,4,0,1,3,0,1,3,2,0,3,0,2,0,3,a,28
775,7724,5,2,5,4,2,0,0,2,3,2,0,2,0,1,0,a,28
776,7733,3,0,0,0,2,2,0,2,0,0,0,1,2,0,1,c,13
777,7755,2,0,0,1,0,1,2,3,1,0,3,2,0,0,0,a,15
778,7777,5,0,0,2,3,2,0,2,1,1,2,0,2,1,0,c,21
779,7791,4,0,0,3,0,0,0,6,6,0,0,4,0,5,6,b,34
780,7821,1,5,0,2,4,0,0,2,2,0,0,1,1,0,2,c,20
781,7822,1,0,0,1,1,0,0,2,2,0,0,0,0,1,2,c,10
782,7822,0,5,4,4,0,0,2,2,0,0,0,0,0,2,0,c,19
783,7823,5,6,3,3,3,0,3,2,1,1,2,1,0,2,0,c,32
784,7826,0,2,5,1,1,0,1,2,3,0,0,1,3,2,0,a,21
785,7827,0,6,2,5,3,0,0,0,0,2,2,0,3,0,3,a,26
786,7838,0,0,0,2,0,3,0,1,6,6,0,2,5,0,0,b,25
787,7839,0,0,2,2,4,0,2,1,0,0,0,2,0,0,0,c,13
788,7865,0,4,0,4,0,2,5,1,0,6,1,2,0,2,0,b,27
789,7868,0,0,2,2,1,0,1,2,1,0,1,0,0,1,2,c,13
790,7871,0,0,4,2,0,0,0,1,2,0,5,2,0,6,6,b,28
791,7888,0,0,0,1,0,3,0,0,1,0,0,1,0,0,0,c,6
792,7895,3,1,0,4,4,3,0,2,3,0,0,0,0,0,0,a,20
793,7902,0,1,2,0,0,3,0,1,2,0,0,2,0,0,0,a,11
794,7907,0,0,3,0,0,0,0,1,2,1,2,1,0,0,0,c,10
795,7921,4,1,1,0,0,0,1,2,0,0,0,2,0,1,0,c,12
796,7927,2,3,1,2,2,0,0,2,0,0,2,1,0,1,0,c,16
797,7929,5,0,0,4,0,2,3,1,0,0,1,2,0,2,0,c,20
798,7936,2,0,2,0,0,0,3,2,1,0,0,2,0,0,0,c,12
799,7938,0,0,1,0,0,2,2,0,0,1,0,2,0,0,0,c,8
800,7954,0,0,0,5,0,0,1,7,0,2,0,3,1,3,0,b,22
801,7984,0,0,3,4,0,4,1,1,3,1,0,2,0,1,1,a,21
802,7994,0,0,2,2,0,0,0,3,2,0,2,1,1,0,0,a,13
803,7997,4,0,1,2,3,0,0,1,3,3,2,0,1,0,2,a,22
804,8001,0,0,0,1,0,0,0,1,0,0,0,2,0,1,0,c,5
805,8002,0,3,5,1,0,3,0,1,7,1,1,5,0,0,0,b,27
806,8006,0,0,0,2,6,1,0,4,3,0,4,6,6,2,0,b,34
807,8021,4,4,0,5,2,2,3,2,0,0,0,1,1,0,1,a,25
808,8045,0,0,0,0,0,0,0,2,1,0,0,0,0,0,0,a,3
809,8087,0,0,0,0,3,0,0,0,0,2,0,2,0,0,1,c,8
810,8089,0,3,0,4,0,0,1,2,2,0,0,2,0,1,0,c,15
811,8090,4,6,0,1,1,0,0,2,0,1,0,0,0,0,2,c,17
812,8112,0,0,0,6,6,1,0,7,1,0,0,3,0,5,6,b,35
813,8114,0,5,2,1,0,3,2,0,1,3,0,0,3,0,0,a,20
814,8153,0,3,1,0,0,6,0,3,0,0,0,3,3,1,2,b,22
815,8161,0,0,0,0,1,0,0,0,2,0,0,2,0,0,3,a,8
816,8195,3,2,5,0,4,0,0,3,5,5,0,4,3,0,4,b,38
817,8203,3,0,2,2,6,1,0,2,4,0,3,3,5,0,0,b,31
818,8213,0,3,0,3,4,0,3,2,0,0,2,1,0,0,0,c,18
819,8219,3,2,0,1,4,3,0,2,0,2,1,0,2,0,0,c,20
820,8221,0,5,5,1,3,4,0,2,1,0,3,1,1,2,0,a,28
821,8263,0,6,4,3,4,0,0,0,0,0,1,1,0,0,0,c,19
822,8266,5,0,2,0,0,3,2,0,1,0,2,0,0,0,0,c,15
823,8278,1,0,5,2,6,1,0,1,0,0,0,4,1,5,0,b,26
824,8293,0,0,1,5,1,4,0,2,2,0,1,1,0,2,0,a,19
825,8297,2,0,0,0,0,1,1,0,1,0,0,3,2,0,0,a,10
826,8299,5,0,0,0,0,2,0,0,0,1,0,2,0,0,0,c,10
827,8302,0,1,1,2,0,5,0,4,1,1,6,4,0,0,3,b,28
828,8313,4,4,0,5,1,1,0,1,1,3,3,1,0,3,0,a,27
829,8321,1,0,1,4,0,2,0,1,1,1,1,2,2,0,0,c,16
830,8323,0,0,0,2,4,5,0,5,0,0,0,6,2,5,5,b,34
831,8333,0,2,3,2,1,3,0,1,0,0,0,2,1,1,2,c,18
832,8346,0,0,0,1,0,0,0,3,6,0,0,6,3,0,0,b,19
833,8351,0,1,0,3,0,1,0,1,0,3,2,4,0,0,0,b,15
834,8358,0,0,5,6,4,4,4,2,0,0,1,3,0,0,0,b,29
835,8360,0,2,4,0,2,2,0,3,6,1,0,5,4,6,4,b,39
836,8369,2,0,1,4,4,3,3,3,0,1,1,1,0,1,0,a,24
837,8373,0,2,0,3,0,1,0,2,1,1,0,0,0,0,0,a,10
838,8378,5,0,0,3,4,0,0,1,1,0,2,2,2,2,0,c,22
839,8383,3,2,5,3,0,0,3,2,0,2,2,3,0,0,2,a,27
840,8384,0,2,5,4,0,6,3,2,1,1,2,1,5,0,0,b,32
841,8390,5,2,0,2,3,0,1,1,2,2,0,2,0,0,0,a,20
842,8393,3,0,5,1,3,1,0,3,0,0,1,3,0,2,1,a,23
843,8408,0,0,3,1,0,0,0,2,2,2,2,2,1,0,2,c,17
844,8423,4,0,0,0,2,0,0,2,2,0,0,2,0,0,0,a,12
845,8437,0,0,0,1,4,3,0,1,0,1,0,1,1,0,0,c,12
846,8457,0,0,0,0,0,0,3,1,1,0,0,1,0,1,2,c,9
847,8465,2,5,0,1,0,0,0,3,2,2,0,3,2,0,0,a,20
848,8472,6,3,0,2,1,0,0,0,0,0,0,1,0,1,1,c,15
849,8472,6,0,5,4,0,0,0,2,0,0,0,0,1,0,1,c,19
850,8488,0,2,1,4,0,0,2,0,1,0,2,0,0,1,0,c,13
851,8501,0,0,0,0,4,0,0,1,0,3,0,3,2,0,2,a,15
852,8510,0,6,0,5,0,0,0,2,2,2,0,2,3,3,0,a,25
853,8524,4,0,2,3,3,3,0,0,1,2,0,3,0,0,0,a,21
854,8526,1,1,0,4,0,4,6,2,2,0,6,2,5,0,5,b,38
855,8555,3,0,0,1,3,0,6,1,0,0,1,3,0,0,1,b,19
856,8559,3,3,0,4,0,0,0,4,7,0,3,3,0,0,4,b,31
857,8562,3,0,0,0,2,0,1,0,0,1,0,1,0,0,0,c,8
858,8563,5,0,0,4,2,2,0,0,0,0,2,0,0,0,0,a,15
859,8579,0,0,3,5,0,0,0,7,3,7,6,2,0,0,0,b,33
860,8586,0,0,0,0,0,2,0,1,2,0,0,1,2,1,0,c,9
861,8607,1,0,1,4,3,2,2,1,0,0,0,1,0,1,0,c,16
862,8621,0,0,0,3,1,0,0,2,0,0,1,0,0,0,2,c,9
863,8625,0,0,0,5,5,0,0,3,0,6,0,2,0,0,4,b,25
864,8634,0,1,3,5,1,3,2,3,1,0,0,2,1,1,0,a,23
865,8635,6,0,2,1,0,0,1,2,0,0,0,1,2,1,0,c,16
866,8658,5,4,0,2,3,0,2,0,0,0,1,0,1,0,0,a,18
867,8663,0,0,0,2,0,1,0,2,0,2,0,2,0,0,0,c,9
868,8697,1,0,0,3,0,0,1,1,0,0,1,1,0,0,1,a,9
869,8733,3,0,0,3,0,1,0,0,1,0,0,0,0,0,0,c,8
870,8737,3,3,3,0,0,0,0,0,6,2,0,2,5,5,4,b,33
871,8743,0,0,0,0,0,0,0,3,0,0,2,0,0,0,0,a,5
872,8747,0,4,4,1,0,0,0,1,0,0,0,1,3,0,0,a,14
873,8748,5,0,1,1,0,0,0,2,0,3,3,3,2,2,0,a,22
874,8767,2,6,0,4,0,0,0,3,0,1,1,1,0,0,1,a,19
875,8790,0,2,2,4,0,0,0,1,2,0,0,1,0,2,0,c,14
876,8792,6,6,0,4,0,0,0,0,2,1,0,2,0,1,0,c,22
877,8807,0,3,0,2,0,0,0,2,0,2,6,6,4,0,0,b,25
878,8812,0,1,0,2,0,3,0,2,0,2,1,2,0,0,0,c,13
879,8819,0,0,0,1,1,0,0,2,0,2,0,1,0,0,2,c,9
880,8852,3,0,5,1,0,5,6,7,1,0,0,5,0,2,5,b,40
881,8852,6,0,5,4,2,2,1,2,0,0,0,0,0,0,0,c,22
882,8854,0,3,0,4,3,4,0,3,2,0,0,1,3,0,1,a,24
883,8855,0,4,0,5,1,0,0,2,0,0,2,0,3,0,1,a,18
884,8865,0,1,5,1,5,3,0,4,0,1,1,1,0,0,6,b,28
885,8867,5,5,3,4,0,4,1,3,0,3,3,3,2,3,0,a,39
886,8874,0,1,2,4,2,0,0,1,0,0,0,2,2,3,0,a,17
887,8890,0,4,0,1,0,4,0,3,3,2,1,0,0,2,0,a,20
888,8900,3,0,5,3,4,0,0,0,0,3,0,1,2,0,0,a,21
889,8903,0,0,0,0,3,0,0,1,0,0,0,1,1,0,0,c,6
890,8911,3,0,1,4,1,0,0,1,0,0,2,0,1,0,1,c,14
891,8941,3,0,0,4,0,0,0,4,4,0,0,6,0,4,3,b,28
892,8953,6,6,3,1,0,0,1,1,3,0,0,3,0,2,0,a,26
893,8964,2,0,0,2,3,0,0,1,2,0,0,1,1,2,0,a,14
894,8996,0,3,2,6,0,0,5,2,0,4,3,4,5,0,0,b,34
895,9010,2,3,5,0,0,3,2,2,0,3,0,2,1,0,2,a,25
896,9019,2,2,3,0,3,0,0,3,2,1,0,0,0,0,0,a,16
897,9020,0,2,3,0,1,0,0,2,3,1,1,0,3,3,2,a,21
898,9023,1,0,0,1,3,3,0,0,3,0,0,2,3,2,0,a,18
899,9060,5,1,2,2,0,0,0,0,2,0,0,2,2,0,0,c,16
900,9072,0,1,0,2,0,0,3,1,0,3,3,0,2,0,0,a,15
901,9087,0,1,0,2,1,0,0,3,3,2,3,3,0,2,3,a,23
902,9106,2,4,2,3,5,0,3,7,5,0,5,5,5,0,2,b,48
903,9107,0,5,0,2,2,0,3,3,2,0,0,2,1,3,0,a,23
904,9118,4,0,0,5,3,2,0,4,0,0,0,6,3,0,0,b,27
905,9145,0,0,4,2,0,0,1,0,1,2,2,2,1,1,0,c,16
906,9147,0,0,0,3,2,3,0,3,0,3,0,2,0,3,1,a,20
907,9159,0,3,2,1,0,0,0,4,0,0,4,6,4,6,6,b,36
908,9172,2,1,5,4,1,1,1,0,2,0,1,2,0,1,0,c,21
909,9177,6,6,0,1,4,4,1,3,0,3,0,2,0,1,2,a,33
910,9189,0,0,3,0,3,0,1,2,2,0,0,2,0,0,0,a,13
911,9194,2,2,1,0,0,0,0,0,2,0,0,2,0,1,0,c,10
912,9214,1,5,0,1,0,2,0,0,0,0,2,2,0,0,1,c,14
913,9222,1,0,0,1,3,2,2,0,1,1,1,0,0,0,1,c,13
914,9225,0,4,2,1,0,0,3,0,0,0,0,0,0,1,2,c,13
915,9228,3,0,0,1,0,1,0,2,1,0,0,0,0,1,0,c,9
916,9249,3,0,2,3,0,4,0,2,0,2,0,2,0,0,3,a,21
917,9252,2,0,0,4,0,5,2,3,0,0,6,6,2,0,5,b,35
918,9276,2,0,5,1,0,0,0,1,3,3,0,1,0,0,0,a,16
919,9294,3,0,0,3,5,0,0,3,0,3,0,2,5,5,0,b,29
920,9300,4,1,2,1,3,0,0,1,0,3,2,0,1,3,2,a,23
921,9303,4,2,2,1,1,0,0,1,0,0,2,0,0,0,3,a,16
922,9309,0,6,4,5,0,1,0,0,0,2,0,0,2,2,1,a,23
923,9309,0,0,0,2,2,0,2,1,0,0,2,1,1,0,0,c,11
924,9309,0,0,0,3,3,1,0,1,1,2,0,0,2,2,0,c,15
925,9310,0,2,5,1,3,2,0,1,0,0,2,1,2,1,1,c,21
926,9311,0,0,0,4,0,0,0,3,0,0,6,2,0,0,6,b,21
927,9318,2,4,4,0,4,0,3,0,0,1,0,1,0,2,0,c,21
928,9322,0,0,0,4,2,0,0,3,1,0,2,1,0,2,0,a,15
929,9324,0,0,0,4,6,0,7,4,5,2,0,6,0,4,0,b,38
930,9331,1,0,0,2,3,0,3,1,1,0,0,0,0,0,0,a,11
931,9338,0,0,0,2,0,6,0,2,7,7,6,2,0,0,1,b,33
932,9351,5,0,2,4,4,0,2,0,1,2,0,2,0,0,0,c,22
933,9362,3,3,1,0,0,0,1,2,0,3,1,2,3,1,0,a,20
934,9364,0,1,2,1,4,0,0,1,0,3,0,2,0,0,0,a,14
935,9367,0,0,0,4,3,0,4,5,5,3,0,6,6,5,4,b,45
936,9371,5,2,3,4,1,1,0,1,0,0,0,1,0,0,1,c,19
937,9379,0,0,4,0,4,0,0,1,0,1,0,1,0,0,0,c,11
938,9388,0,5,0,3,3,0,0,2,1,2,0,2,2,1,0,c,21
939,9395,0,3,0,6,0,0,2,2,4,0,0,3,0,0,0,b,20
940,9420,0,0,2,4,2,0,0,1,1,0,2,1,0,0,0,c,13
941,9431,0,0,3,2,1,6,0,6,0,0,3,1,0,0,1,b,23
942,9433,2,1,0,0,2,4,0,1,1,3,3,0,0,3,0,a,20
943,9450,0,4,0,0,0,0,0,1,2,0,0,0,0,0,0,a,7
944,9463,0,3,0,3,0,4,6,5,2,0,2,5,1,0,0,b,31
945,9472,0,4,1,2,0,3,3,2,2,3,0,3,0,0,1,a,24
946,9485,0,0,1,2,1,0,1,0,2,0,0,0,2,0,0,c,9
947,9490,4,0,3,1,0,0,0,5,5,0,0,4,4,3,6,b,35
948,9495,2,0,1,6,0,1,0,3,0,0,0,1,0,2,0,b,16
949,9508,1,4,0,0,0,1,3,2,0,2,0,0,0,0,0,c,13
950,9510,0,0,0,5,0,0,0,2,2,0,0,1,2,0,1,a,13
951,9513,2,3,4,2,1,0,0,1,2,0,0,0,2,0,0,a,17
952,9524,0,5,0,2,1,1,0,1,0,1,1,1,0,0,2,c,15
953,9551,0,2,1,0,0,3,0,1,0,0,0,1,1,0,1,c,10
954,9554,4,6,2,2,0,3,0,1,0,0,0,2,1,0,2,c,23
955,9557,5,0,0,2,0,0,3,2,2,0,0,0,1,0,0,c,15
956,9573,6,2,3,5,0,3,1,3,0,0,0,1,3,1,2,a,30
957,9577,0,0,4,4,0,1,1,0,0,0,3,1,3,1,1,a,19
958,9579,0,0,5,4,0,0,2,0,0,0,0,0,1,0,0,c,12
959,9579,4,0,3,0,2,0,0,1,0,0,1,2,2,2,0,c,17
960,9597,0,4,1,4,0,0,0,4,0,6,0,3,0,1,0,b,23
961,9597,0,0,0,0,2,0,0,0,0,2,0,2,2,0,0,c,8
962,9601,0,2,0,2,0,0,0,2,0,0,0,1,0,0,1,c,8
963,9601,3,0,0,3,2,0,2,0,0,1,0,0,1,2,0,c,14
964,9627,2,2,0,6,4,0,0,5,0,7,2,6,0,0,0,b,34
965,9632,0,6,1,2,4,0,1,3,0,0,0,0,1,0,3,a,21
966,9648,0,0,1,0,5,0,0,1,7,2,0,1,5,0,4,b,26
967,9656,0,0,2,0,0,2,1,2,0,2,0,1,0,1,0,c,11
968,9663,0,3,5,5,0,0,3,1,3,0,0,0,0,3,0,a,23
969,9672,0,0,1,3,0,0,3,1,0,2,0,1,0,0,0,c,11
970,9678,0,5,0,4,1,0,0,1,0,2,2,1,2,0,1,c,19
971,9690,4,0,2,4,3,0,2,5,0,4,0,1,2,3,3,b,33
972,9695,0,0,0,2,0,0,2,0,0,0,0,0,0,2,2,c,8
973,9705,0,6,0,2,3,0,0,2,2,0,0,1,0,1,0,c,17
974,9721,0,0,0,2,0,5,2,4,2,5,5,6,0,0,2,b,33
975,9722,4,3,1,2,0,2,1,1,1,1,0,1,0,2,0,c,19
976,9728,0,0,5,6,0,0,7,1,0,3,5,3,0,1,0,b,31
977,9735,0,0,3,0,1,0,0,2,0,0,0,2,0,0,0,a,8
978,9754,0,0,3,4,4,0,0,0,0,3,3,1,3,3,0,a,24
979,9756,0,1,0,0,0,0,0,3,0,2,3,5,0,0,3,b,17
980,9756,3,1,0,5,0,0,0,1,0,4,2,1,6,0,1,b,24
981,9760,0,3,0,3,1,0,2,2,5,2,6,1,2,4,6,b,37
982,9765,1,0,0,1,0,0,2,6,5,3,0,5,0,4,0,b,27
983,9766,0,0,0,3,0,0,3,4,7,1,3,6,2,6,5,b,40
984,9778,0,4,0,0,0,0,2,1,1,2,0,2,0,2,0,a,14
985,9801,4,0,2,1,0,5,0,3,3,3,6,3,0,4,0,b,34
986,9801,0,4,0,2,0,2,0,2,0,2,1,2,2,0,0,c,17
987,9812,0,4,2,5,0,3,0,1,3,0,0,3,2,0,1,a,24
988,9820,0,0,2,5,4,3,0,2,2,1,0,2,0,3,2,a,26
989,9822,0,0,0,2,6,0,0,2,4,2,0,5,5,0,0,b,26
990,9824,1,2,0,5,1,0,2,3,0,0,1,0,3,0,0,a,18
991,9837,0,3,0,4,0,3,1,1,2,0,2,1,2,1,0,c,20
992,9849,4,0,2,4,0,3,2,1,0,0,0,1,5,0,0,b,22
993,9849,2,5,4,4,0,1,0,2,0,0,0,2,2,0,0,c,22
994,9859,0,4,0,0,0,0,0,1,2,2,0,2,0,0,0,c,11
995,9867,3,2,0,2,3,3,0,2,0,0,1,2,3,2,0,a,23
996,9871,0,0,0,6,0,0,0,0,0,4,0,2,6,1,5,b,24
997,9874,1,6,0,4,0,0,0,2,1,0,0,1,1,0,0,c,16
998,9877,6,5,2,5,4,0,0,2,0,0,0,3,0,1,2,a,30
999,9897,2,0,0,4,0,0,0,1,1,1,2,0,2,1,0,c,14
